database_id,disease_name,qualifier,hpo_id,reference,evidence,onset,frequency,sex,modifier,aspect,biocuration,creation_date
OMIM:610370,"Diarrhea 4, malabsorptive, congenital",,HP:0001396,PMID:16855267,PCS,,0/1,,,P,ORCID:0000-0002-0736-9199[2026-01-13],2026-01-13
OMIM:610370,"Diarrhea 4, malabsorptive, congenital",,HP:0003112,PMID:16855267,PCS,,0/3,,,P,ORCID:0000-0002-0736-9199[2026-01-13],2026-01-13
OMIM:610370,"Diarrhea 4, malabsorptive, congenital",,HP:0002024,PMID:16855267,PCS,,2/2,,,P,ORCID:0000-0002-0736-9199[2026-01-13],2026-01-13
OMIM:610370,"Diarrhea 4, malabsorptive, congenital",,HP:0001992,PMID:16855267,PCS,,0/3,,,P,ORCID:0000-0002-0736-9199[2026-01-13],2026-01-13
OMIM:610370,"Diarrhea 4, malabsorptive, congenital",,HP:6001346,PMID:16855267,PCS,,3/3,,,P,ORCID:0000-0002-0736-9199[2026-01-13],2026-01-13
OMIM:610370,"Diarrhea 4, malabsorptive, congenital",,HP:0001392,PMID:16855267,PCS,,1/1,,,P,ORCID:0000-0002-0736-9199[2026-01-13],2026-01-13
OMIM:610370,"Diarrhea 4, malabsorptive, congenital",,HP:0002041,PMID:16855267,PCS,,2/3,,,P,ORCID:0000-0002-0736-9199[2026-01-13],2026-01-13
OMIM:610370,"Diarrhea 4, malabsorptive, congenital",,HP:0003074,PMID:16855267,PCS,,2/3,,,P,ORCID:0000-0002-0736-9199[2026-01-13],2026-01-13
OMIM:610370,"Diarrhea 4, malabsorptive, congenital",,HP:0031961,PMID:16855267,PCS,,0/1,,,P,ORCID:0000-0002-0736-9199[2026-01-13],2026-01-13
OMIM:610370,"Diarrhea 4, malabsorptive, congenital",,HP:0031686,PMID:16855267,PCS,,1/2,,,P,ORCID:0000-0002-0736-9199[2026-01-13],2026-01-13
OMIM:610370,"Diarrhea 4, malabsorptive, congenital",,HP:0100806,PMID:16855267,PCS,,1/1,,,P,ORCID:0000-0002-0736-9199[2026-01-13],2026-01-13
OMIM:610370,"Diarrhea 4, malabsorptive, congenital",,HP:0001403,PMID:16855267,PCS,,1/1,,,P,ORCID:0000-0002-0736-9199[2026-01-13],2026-01-13
OMIM:610370,"Diarrhea 4, malabsorptive, congenital",,HP:0003689,PMID:16855267,PCS,,0/2,,,P,ORCID:0000-0002-0736-9199[2026-01-13],2026-01-13
OMIM:610370,"Diarrhea 4, malabsorptive, congenital",,HP:0002630,PMID:16855267,PCS,,1/1,,,P,ORCID:0000-0002-0736-9199[2026-01-13],2026-01-13
OMIM:610370,"Diarrhea 4, malabsorptive, congenital",,HP:0002155,PMID:16855267,PCS,,0/3,,,P,ORCID:0000-0002-0736-9199[2026-01-13],2026-01-13
OMIM:610370,"Diarrhea 4, malabsorptive, congenital",,HP:0025130,PMID:16855267,PCS,,0/3,,,P,ORCID:0000-0002-0736-9199[2026-01-13],2026-01-13
OMIM:610370,"Diarrhea 4, malabsorptive, congenital",,HP:0003124,PMID:16855267,PCS,,0/3,,,P,ORCID:0000-0002-0736-9199[2026-01-13],2026-01-13
OMIM:610370,"Diarrhea 4, malabsorptive, congenital",,HP:0003542,PMID:16855267,PCS,,0/2,,,P,ORCID:0000-0002-0736-9199[2026-01-13],2026-01-13
OMIM:610370,"Diarrhea 4, malabsorptive, congenital",,HP:0002151,PMID:16855267,PCS,,0/2,,,P,ORCID:0000-0002-0736-9199[2026-01-13],2026-01-13
OMIM:610370,"Diarrhea 4, malabsorptive, congenital",,HP:0001081,PMID:16855267,PCS,,1/3,,,P,ORCID:0000-0002-0736-9199[2026-01-13],2026-01-13
OMIM:610370,"Diarrhea 4, malabsorptive, congenital",,HP:0001281,PMID:16855267,PCS,,1/1,,,P,ORCID:0000-0002-0736-9199[2026-01-13],2026-01-13
OMIM:610370,"Diarrhea 4, malabsorptive, congenital",,HP:0012236,PMID:16855267,PCS,,0/3,,,P,ORCID:0000-0002-0736-9199[2026-01-13],2026-01-13
OMIM:610370,"Diarrhea 4, malabsorptive, congenital",,HP:0012115,PMID:16855267,PCS,,1/1,,,P,ORCID:0000-0002-0736-9199[2026-01-13],2026-01-13
OMIM:610370,"Diarrhea 4, malabsorptive, congenital",,HP:0002748,PMID:16855267,PCS,,1/1,,,P,ORCID:0000-0002-0736-9199[2026-01-13],2026-01-13
OMIM:610370,"Diarrhea 4, malabsorptive, congenital",,HP:0001414,PMID:16855267,PCS,,1/1,,,P,ORCID:0000-0002-0736-9199[2026-01-13],2026-01-13
OMIM:614923,Branched-chain keto acid dehydrogenase kinase deficiency,,HP:0002069,PMID:36729635;PMID:22956686,PCS,,4/19,,,P,HPO:probinson[2024-04-27];ORCID:0000-0002-0736-9199[2024-04-27],2024-04-27
OMIM:614923,Branched-chain keto acid dehydrogenase kinase deficiency,,HP:0002463,PMID:36729635,PCS,,17/17,,,P,HPO:probinson[2024-04-27],2024-04-27
OMIM:614923,Branched-chain keto acid dehydrogenase kinase deficiency,,HP:0001332,PMID:36729635,PCS,,2/10,,,P,HPO:probinson[2024-04-27],2024-04-27
OMIM:614923,Branched-chain keto acid dehydrogenase kinase deficiency,,HP:0001252,PMID:36729635,PCS,,5/17,,,P,HPO:probinson[2024-04-27],2024-04-27
OMIM:614923,Branched-chain keto acid dehydrogenase kinase deficiency,,HP:0001251,PMID:36729635,PCS,,1/20,,,P,HPO:probinson[2024-04-27],2024-04-27
OMIM:614923,Branched-chain keto acid dehydrogenase kinase deficiency,,HP:0011182,PMID:36729635;PMID:22956686,PCS,,17/24,,,P,HPO:probinson[2024-04-27];ORCID:0000-0002-0736-9199[2024-04-27],2024-04-27
OMIM:614923,Branched-chain keto acid dehydrogenase kinase deficiency,,HP:0000518,PMID:22956686,PCS,,1/1,,,P,ORCID:0000-0002-0736-9199[2024-04-27],2024-04-27
OMIM:614923,Branched-chain keto acid dehydrogenase kinase deficiency,,HP:0000958,PMID:36729635,PCS,,2/17,,,P,HPO:probinson[2024-04-27],2024-04-27
OMIM:614923,Branched-chain keto acid dehydrogenase kinase deficiency,,HP:0000718,PMID:36729635,PCS,,8/18,,,P,HPO:probinson[2024-04-27],2024-04-27
OMIM:614923,Branched-chain keto acid dehydrogenase kinase deficiency,,HP:0000711,PMID:36729635,PCS,,6/21,,,P,HPO:probinson[2024-04-27],2024-04-27
OMIM:614923,Branched-chain keto acid dehydrogenase kinase deficiency,,HP:0000752,PMID:36729635,PCS,,5/21,,,P,HPO:probinson[2024-04-27],2024-04-27
OMIM:614923,Branched-chain keto acid dehydrogenase kinase deficiency,,HP:0000253,PMID:36729635,PCS,,17/20,,,P,HPO:probinson[2024-04-27],2024-04-27
OMIM:614923,Branched-chain keto acid dehydrogenase kinase deficiency,,HP:0002312,PMID:36729635,PCS,,12/15,,,P,HPO:probinson[2024-04-27],2024-04-27
OMIM:614923,Branched-chain keto acid dehydrogenase kinase deficiency,,HP:0000252,PMID:22956686,PCS,,3/6,,,P,ORCID:0000-0002-0736-9199[2024-04-27],2024-04-27
OMIM:614923,Branched-chain keto acid dehydrogenase kinase deficiency,,HP:0011968,PMID:36729635,PCS,,5/20,,,P,HPO:probinson[2024-04-27],2024-04-27
OMIM:614923,Branched-chain keto acid dehydrogenase kinase deficiency,,HP:0000293,PMID:36729635,PCS,,4/21,,,P,HPO:probinson[2024-04-27],2024-04-27
OMIM:614923,Branched-chain keto acid dehydrogenase kinase deficiency,,HP:0002197,PMID:36729635,PCS,,9/21,,,P,HPO:probinson[2024-04-27],2024-04-27
OMIM:614923,Branched-chain keto acid dehydrogenase kinase deficiency,,HP:0001263,PMID:36729635;PMID:22956686,PCS,,27/27,,,P,HPO:probinson[2024-04-27];ORCID:0000-0002-0736-9199[2024-04-27],2024-04-27
OMIM:614923,Branched-chain keto acid dehydrogenase kinase deficiency,,HP:0500194,PMID:36729635,PCS,,20/21,,,P,HPO:probinson[2024-04-27],2024-04-27
OMIM:614923,Branched-chain keto acid dehydrogenase kinase deficiency,,HP:0011171,PMID:22956686,PCS,,3/3,,,P,ORCID:0000-0002-0736-9199[2024-04-27],2024-04-27
OMIM:614923,Branched-chain keto acid dehydrogenase kinase deficiency,,HP:0500190,PMID:36729635,PCS,,19/21,,,P,HPO:probinson[2024-04-27];HPO:probinson[2024-04-27],2024-04-27
OMIM:614923,Branched-chain keto acid dehydrogenase kinase deficiency,,HP:0000407,PMID:36729635,PCS,,3/21,,,P,HPO:probinson[2024-04-27],2024-04-27
OMIM:614923,Branched-chain keto acid dehydrogenase kinase deficiency,,HP:0000729,PMID:36729635;PMID:22956686,PCS,,20/25,,,P,HPO:probinson[2024-04-27];ORCID:0000-0002-0736-9199[2024-04-27],2024-04-27
OMIM:614923,Branched-chain keto acid dehydrogenase kinase deficiency,,HP:0007359,PMID:36729635,PCS,,1/21,,,P,HPO:probinson[2024-04-27],2024-04-27
OMIM:614923,Branched-chain keto acid dehydrogenase kinase deficiency,,HP:0000126,PMID:36729635,PCS,,1/17,,,P,HPO:probinson[2024-04-27],2024-04-27
OMIM:614923,Branched-chain keto acid dehydrogenase kinase deficiency,,HP:0002487,PMID:36729635,PCS,,1/20,,,P,HPO:probinson[2024-04-27],2024-04-27
OMIM:614923,Branched-chain keto acid dehydrogenase kinase deficiency,,HP:0002123,PMID:36729635,PCS,,1/18,,,P,HPO:probinson[2024-04-27],2024-04-27
OMIM:614923,Branched-chain keto acid dehydrogenase kinase deficiency,,HP:0001271,PMID:36729635,PCS,,2/17,,,P,HPO:probinson[2024-04-27],2024-04-27
OMIM:614923,Branched-chain keto acid dehydrogenase kinase deficiency,,HP:0001270,PMID:36729635;PMID:22956686,PCS,,26/26,,,P,HPO:probinson[2024-04-27];ORCID:0000-0002-0736-9199[2024-04-27],2024-04-27
OMIM:614923,Branched-chain keto acid dehydrogenase kinase deficiency,,HP:0010864,PMID:36729635,PCS,,15/16,,,P,HPO:probinson[2024-04-27],2024-04-27
OMIM:614923,Branched-chain keto acid dehydrogenase kinase deficiency,,HP:0011123,PMID:36729635,PCS,,3/17,,,P,HPO:probinson[2024-04-27],2024-04-27
OMIM:614923,Branched-chain keto acid dehydrogenase kinase deficiency,,HP:0000219,PMID:36729635,PCS,,4/21,,,P,HPO:probinson[2024-04-27],2024-04-27
OMIM:614923,Branched-chain keto acid dehydrogenase kinase deficiency,,HP:0500188,PMID:36729635,PCS,,20/21,,,P,HPO:probinson[2024-04-27],2024-04-27
OMIM:614923,Branched-chain keto acid dehydrogenase kinase deficiency,,HP:0500144,PMID:36729635;PMID:22956686,PCS,,25/27,,,P,HPO:probinson[2024-04-27];ORCID:0000-0002-0736-9199[2024-04-27],2024-04-27
OMIM:614923,Branched-chain keto acid dehydrogenase kinase deficiency,,HP:0500143,PMID:36729635;PMID:22956686,PCS,,26/27,,,P,HPO:probinson[2024-04-27];ORCID:0000-0002-0736-9199[2024-04-27],2024-04-27
OMIM:614923,Branched-chain keto acid dehydrogenase kinase deficiency,,HP:0001347,PMID:36729635;PMID:22956686,PCS,,7/19,,,P,HPO:probinson[2024-04-27];ORCID:0000-0002-0736-9199[2024-04-27],2024-04-27
OMIM:614923,Branched-chain keto acid dehydrogenase kinase deficiency,,HP:0005326,PMID:36729635,PCS,,2/21,,,P,HPO:probinson[2024-04-27],2024-04-27
OMIM:614923,Branched-chain keto acid dehydrogenase kinase deficiency,,HP:0002376,PMID:36729635,PCS,,5/8,,,P,HPO:probinson[2024-04-27],2024-04-27
OMIM:614923,Branched-chain keto acid dehydrogenase kinase deficiency,,HP:0000350,PMID:36729635,PCS,,3/21,,,P,HPO:probinson[2024-04-27],2024-04-27
OMIM:614923,Branched-chain keto acid dehydrogenase kinase deficiency,,HP:0005484,PMID:36729635,PCS,,16/20,,,P,HPO:probinson[2024-04-27],2024-04-27
OMIM:614923,Branched-chain keto acid dehydrogenase kinase deficiency,,HP:0011147,PMID:36729635,PCS,,2/18,,,P,HPO:probinson[2024-04-27],2024-04-27
OMIM:614923,Branched-chain keto acid dehydrogenase kinase deficiency,,HP:0001999,PMID:36729635,PCS,,10/21,,,P,HPO:probinson[2024-04-27],2024-04-27
OMIM:614923,Branched-chain keto acid dehydrogenase kinase deficiency,,HP:0002208,PMID:36729635,PCS,,1/17,,,P,HPO:probinson[2024-04-27],2024-04-27
OMIM:614923,Branched-chain keto acid dehydrogenase kinase deficiency,,HP:0000422,PMID:36729635,PCS,,2/21,,,P,HPO:probinson[2024-04-27],2024-04-27
OMIM:614923,Branched-chain keto acid dehydrogenase kinase deficiency,,HP:0007018,PMID:36729635,PCS,,4/18,,,P,HPO:probinson[2024-04-27],2024-04-27
OMIM:614923,Branched-chain keto acid dehydrogenase kinase deficiency,,HP:0500132,PMID:36729635;PMID:22956686,PCS,,26/27,,,P,HPO:probinson[2024-04-27];ORCID:0000-0002-0736-9199[2024-04-27],2024-04-27
OMIM:256500,Netherton syndrome,,HP:6001166,PMID:20107740;PMID:27988933;PMID:39036217;PMID:34888090;PMID:26365906,PCS,,6/6,,,P,ORCID:0000-0002-0736-9199[2025-11-03],2025-11-03
OMIM:256500,Netherton syndrome,,HP:0033605,PMID:36165187,PCS,,1/1,,,P,ORCID:0000-0002-0736-9199[2025-11-03],2025-11-03
OMIM:256500,Netherton syndrome,,HP:0000365,PMID:28289593,PCS,,1/1,,,P,ORCID:0000-0002-0736-9199[2025-11-03],2025-11-03
OMIM:256500,Netherton syndrome,,HP:0003355,PMID:21692842,PCS,,1/1,,,P,ORCID:0000-0002-0736-9199[2025-11-03],2025-11-03
OMIM:256500,Netherton syndrome,,HP:0002024,PMID:26365906,PCS,,1/1,,,P,ORCID:0000-0002-0736-9199[2025-11-03],2025-11-03
OMIM:256500,Netherton syndrome,,HP:0002783,PMID:20107740,PCS,,2/2,,,P,ORCID:0000-0002-0736-9199[2025-11-03],2025-11-03
OMIM:256500,Netherton syndrome,,HP:0004322,PMID:37102386,PCS,,7/7,,,P,ORCID:0000-0002-0736-9199[2025-11-03],2025-11-03
OMIM:256500,Netherton syndrome,,HP:0001051,PMID:24506793;PMID:38025195,PCS,,2/2,,,P,ORCID:0000-0002-0736-9199[2025-11-03],2025-11-03
OMIM:256500,Netherton syndrome,,HP:0003193,PMID:36165187;PMID:33534181;PMID:26031502;PMID:22377713,PCS,,4/5,,,P,ORCID:0000-0002-0736-9199[2025-11-03];HPO:skoehler[2017-07-13];HPO:probinson[2025-11-03],2025-11-03
OMIM:256500,Netherton syndrome,,HP:0011410,PMID:33452875,PCS,,1/1,,,P,ORCID:0000-0002-0736-9199[2025-11-03],2025-11-03
OMIM:256500,Netherton syndrome,,HP:0025819,PMID:17989726,PCS,,2/5,,,P,ORCID:0000-0002-0736-9199[2025-11-03],2025-11-03
OMIM:256500,Netherton syndrome,,HP:0025817,PMID:20107740;PMID:34138484,PCS,,3/3,,,P,ORCID:0000-0002-0736-9199[2025-11-03],2025-11-03
OMIM:256500,Netherton syndrome,,HP:0012472,PMID:11952552,PCS,,0/1,,,P,ORCID:0000-0002-0736-9199[2025-11-03],2025-11-03
OMIM:256500,Netherton syndrome,,HP:0000238,PMID:26365906,PCS,,1/1,,,P,ORCID:0000-0002-0736-9199[2025-11-03],2025-11-03
OMIM:256500,Netherton syndrome,,HP:0025811,PMID:16670861;PMID:19683336;PMID:20107740;PMID:39891497;PMID:11841556;PMID:38419182;PMID:22089833;PMID:26365906;PMID:38025195;PMID:31990481;PMID:26997095;PMID:34138484;PMID:30016041;PMID:32767583;PMID:23802543;PMID:31450277;PMID:15656819;PMID:39036217;PMID:27988933;PMID:21692842;PMID:33452875;PMID:40607310;PMID:33534181;PMID:26031502;PMID:22377713;PMID:34862657,PCS,,61/67,,,P,ORCID:0000-0002-0736-9199[2025-11-03],2025-11-03
OMIM:256500,Netherton syndrome,,HP:0025810,PMID:37102386;PMID:32767583;PMID:16670861;PMID:25710899;PMID:20107740;PMID:27988933;PMID:11841556;PMID:38419182;PMID:22089833;PMID:26365906;PMID:21692842;PMID:38025195;PMID:33452875;PMID:33534181;PMID:26031502;PMID:31990481;PMID:26997095;PMID:34862657,PCS,,42/57,,,P,ORCID:0000-0002-0736-9199[2025-11-03],2025-11-03
OMIM:256500,Netherton syndrome,,HP:0003228,PMID:30016041;PMID:24506793;PMID:38025195;PMID:34138484;PMID:26365906,PCS,,5/7,,,P,ORCID:0000-0002-0736-9199[2025-11-03],2025-11-03
OMIM:256500,Netherton syndrome,,HP:0025816,PMID:34138484,PCS,,2/2,,,P,ORCID:0000-0002-0736-9199[2025-11-03],2025-11-03
OMIM:256500,Netherton syndrome,,HP:0025813,PMID:26365906,PCS,,1/1,,,P,ORCID:0000-0002-0736-9199[2025-11-03],2025-11-03
OMIM:256500,Netherton syndrome,,HP:0003764,PMID:27988933,PCS,,1/1,,,P,ORCID:0000-0002-0736-9199[2025-11-03],2025-11-03
OMIM:256500,Netherton syndrome,,HP:0005421,PMID:28289593,PCS,,1/1,,,P,ORCID:0000-0002-0736-9199[2025-11-03],2025-11-03
OMIM:256500,Netherton syndrome,,HP:0034269,PMID:26031502,PCS,,1/1,,,P,ORCID:0000-0002-0736-9199[2025-11-03],2025-11-03
OMIM:256500,Netherton syndrome,,HP:0025092,PMID:11952552;PMID:24506793;PMID:16670861;PMID:25710899;PMID:39036217;PMID:27988933;PMID:34888090;PMID:21692842,PCS,,9/9,,,P,ORCID:0000-0002-0736-9199[2025-11-03],2025-11-03
OMIM:256500,Netherton syndrome,,HP:0025809,PMID:38025195;PMID:15656819,PCS,,2/2,,,P,ORCID:0000-0002-0736-9199[2025-11-03],2025-11-03
OMIM:256500,Netherton syndrome,,HP:0007395,PMID:21692842,PCS,,1/1,,,P,ORCID:0000-0002-0736-9199[2025-11-03],2025-11-03
OMIM:256500,Netherton syndrome,,HP:0000407,PMID:37102386,PCS,,1/8,,,P,ORCID:0000-0002-0736-9199[2025-11-03],2025-11-03
OMIM:256500,Netherton syndrome,,HP:0100658,PMID:28289593;PMID:40607310;PMID:33534181,PCS,,3/3,,,P,ORCID:0000-0002-0736-9199[2025-11-03],2025-11-03
OMIM:256500,Netherton syndrome,,HP:0007431,PMID:26031502;PMID:26997095,PCS,,2/2,,,P,ORCID:0000-0002-0736-9199[2025-11-03],2025-11-03
OMIM:256500,Netherton syndrome,,HP:0000403,PMID:40607310;PMID:15656819,PCS,,1/2,,,P,ORCID:0000-0002-0736-9199[2025-11-03],2025-11-03
OMIM:256500,Netherton syndrome,,HP:0025524,PMID:26365906,PCS,,1/1,,,P,ORCID:0000-0002-0736-9199[2025-11-03],2025-11-03
OMIM:256500,Netherton syndrome,,HP:0200035,PMID:38419182,PCS,,1/1,,,P,ORCID:0000-0002-0736-9199[2025-11-03],2025-11-03
OMIM:256500,Netherton syndrome,,HP:0200034,PMID:41047924,PCS,,1/1,,,P,ORCID:0000-0002-0736-9199[2025-11-03],2025-11-03
OMIM:256500,Netherton syndrome,,HP:0002788,PMID:34138484,PCS,,2/2,,,P,ORCID:0000-0002-0736-9199[2025-11-03],2025-11-03
OMIM:256500,Netherton syndrome,,HP:0025528,PMID:36165187,PCS,,1/1,,,P,ORCID:0000-0002-0736-9199[2025-11-03],2025-11-03
OMIM:256500,Netherton syndrome,,HP:0002028,PMID:28289593;PMID:11841556,PCS,,7/21,,,P,ORCID:0000-0002-0736-9199[2025-11-03],2025-11-03
OMIM:256500,Netherton syndrome,,HP:0001036,PMID:24506793;PMID:27988933;PMID:39036217;PMID:20107740;PMID:34138484,PCS,,8/8,,,P,ORCID:0000-0002-0736-9199[2025-11-03];HPO:skoehler[2019-09-07];HPO:probinson[2025-11-03],2025-11-03
OMIM:256500,Netherton syndrome,,HP:0002242,PMID:28289593,PCS,,1/1,,,P,ORCID:0000-0002-0736-9199[2025-11-03],2025-11-03
OMIM:256500,Netherton syndrome,,HP:0010783,PMID:11952552;PMID:23802543;PMID:40607310;PMID:31450277;PMID:27988933;PMID:38419182;PMID:22377713;PMID:34862657;PMID:41047924;PMID:21692842,PCS,,10/10,,,P,ORCID:0000-0002-0736-9199[2025-11-03],2025-11-03
OMIM:256500,Netherton syndrome,,HP:0008070,PMID:37102386;PMID:38419182;PMID:21692842,PCS,,10/11,,,P,ORCID:0000-0002-0736-9199[2025-11-03],2025-11-03
OMIM:256500,Netherton syndrome,,HP:0011359,PMID:16670861,PCS,,2/2,,,P,ORCID:0000-0002-0736-9199[2025-11-03],2025-11-03
OMIM:256500,Netherton syndrome,,HP:0033194,PMID:15656819,PCS,,1/1,,,P,ORCID:0000-0002-0736-9199[2025-11-03],2025-11-03
OMIM:256500,Netherton syndrome,,HP:0007381,PMID:30016041;PMID:37102386;PMID:32767583;PMID:23802543;PMID:19683336;PMID:31450277;PMID:20107740;PMID:15656819;PMID:11841556;PMID:34888090;PMID:26365906;PMID:22089833;PMID:24506793;PMID:33452875;PMID:38025195;PMID:40607310;PMID:33534181;PMID:26031502;PMID:31990481;PMID:34138484;PMID:22377713,PCS,,61/69,,,P,ORCID:0000-0002-0736-9199[2025-11-03],2025-11-03
OMIM:256500,Netherton syndrome,,HP:0100665,PMID:23802543;PMID:11841556;PMID:31990481;PMID:22089833;PMID:22377713,PCS,,10/34,,,P,ORCID:0000-0002-0736-9199[2025-11-03];HPO:skoehler[2012-10-17];HPO:probinson[2025-11-03],2025-11-03
OMIM:256500,Netherton syndrome,,HP:0000737,PMID:31990481,PCS,,1/1,,,P,ORCID:0000-0002-0736-9199[2025-11-03],2025-11-03
OMIM:256500,Netherton syndrome,,HP:0012450,PMID:16670861,PCS,,2/2,,,P,ORCID:0000-0002-0736-9199[2025-11-03],2025-11-03
OMIM:256500,Netherton syndrome,,HP:0001944,PMID:32767583;PMID:38025195,PCS,,2/2,,,P,ORCID:0000-0002-0736-9199[2025-11-03],2025-11-03
OMIM:256500,Netherton syndrome,,HP:0004779,PMID:30016041;PMID:40607310;PMID:31450277;PMID:27988933;PMID:34862657,PCS,,5/5,,,P,ORCID:0000-0002-0736-9199[2025-11-03];HPO:skoehler[2018-10-08];HPO:probinson[2025-11-03],2025-11-03
OMIM:256500,Netherton syndrome,,HP:0002014,PMID:34138484,PCS,,0/2,,,P,ORCID:0000-0002-0736-9199[2025-11-03],2025-11-03
OMIM:256500,Netherton syndrome,,HP:0025474,PMID:16670861;PMID:23802543;PMID:33452875;PMID:20107740;PMID:33534181;PMID:38419182;PMID:22089833;PMID:21692842,PCS,,20/20,,,P,ORCID:0000-0002-0736-9199[2025-11-03],2025-11-03
OMIM:256500,Netherton syndrome,,HP:0001287,PMID:28289593,PCS,,1/1,,,P,ORCID:0000-0002-0736-9199[2025-11-03],2025-11-03
OMIM:256500,Netherton syndrome,,HP:0004313,PMID:32767583,PCS,,1/1,,,P,ORCID:0000-0002-0736-9199[2025-11-03],2025-11-03
OMIM:256500,Netherton syndrome,,HP:0001047,PMID:16670861;PMID:31450277;PMID:39036217;PMID:39891497;PMID:11841556;PMID:38419182,PCS,,9/25,,,P,ORCID:0000-0002-0736-9199[2025-11-03],2025-11-03
OMIM:256500,Netherton syndrome,,HP:0410242,PMID:16670861;PMID:33452875;PMID:38419182;PMID:34888090,PCS,,0/5,,,P,ORCID:0000-0002-0736-9199[2025-11-03],2025-11-03
OMIM:256500,Netherton syndrome,,HP:0020064,PMID:26365906;PMID:34138484,PCS,,0/3,,,P,ORCID:0000-0002-0736-9199[2025-11-03],2025-11-03
OMIM:256500,Netherton syndrome,,HP:0410243,PMID:16670861;PMID:33452875;PMID:38419182;PMID:34888090,PCS,,0/5,,,P,ORCID:0000-0002-0736-9199[2025-11-03],2025-11-03
OMIM:256500,Netherton syndrome,,HP:0025114,PMID:16670861,PCS,,2/2,,,P,ORCID:0000-0002-0736-9199[2025-11-03],2025-11-03
OMIM:256500,Netherton syndrome,,HP:0410240,PMID:16670861;PMID:33452875;PMID:38419182;PMID:34888090,PCS,,0/5,,,P,ORCID:0000-0002-0736-9199[2025-11-03],2025-11-03
OMIM:256500,Netherton syndrome,,HP:0410241,PMID:26365906,PCS,,0/1,,,P,ORCID:0000-0002-0736-9199[2025-11-03],2025-11-03
OMIM:256500,Netherton syndrome,,HP:0005363,PMID:32767583,PCS,,1/1,,,P,ORCID:0000-0002-0736-9199[2025-11-03],2025-11-03
OMIM:256500,Netherton syndrome,,HP:0004395,PMID:34138484,PCS,,2/2,,,P,ORCID:0000-0002-0736-9199[2025-11-03],2025-11-03
OMIM:256500,Netherton syndrome,,HP:0002094,PMID:15656819,PCS,,1/1,,,P,ORCID:0000-0002-0736-9199[2025-11-03],2025-11-03
OMIM:256500,Netherton syndrome,,HP:0002090,PMID:19683336,PCS,,3/7,,,P,ORCID:0000-0002-0736-9199[2025-11-03],2025-11-03
OMIM:256500,Netherton syndrome,,HP:0011108,PMID:15656819,PCS,,1/1,,,P,ORCID:0000-0002-0736-9199[2025-11-03],2025-11-03
OMIM:256500,Netherton syndrome,,HP:0430070,PMID:26365906,PCS,,1/1,,,P,ORCID:0000-0002-0736-9199[2025-11-03],2025-11-03
OMIM:256500,Netherton syndrome,,HP:0011990,PMID:16670861,PCS,,0/2,,,P,ORCID:0000-0002-0736-9199[2025-11-03],2025-11-03
OMIM:256500,Netherton syndrome,,HP:0008064,PMID:28289593;PMID:31450277,PCS,,3/3,,,P,ORCID:0000-0002-0736-9199[2025-11-03],2025-11-03
OMIM:256500,Netherton syndrome,,HP:0000509,PMID:15656819,PCS,,1/1,,,P,ORCID:0000-0002-0736-9199[2025-11-03],2025-11-03
OMIM:256500,Netherton syndrome,,HP:0500093,PMID:19683336;PMID:17989726;PMID:39036217;PMID:38419182;PMID:22089833,PCS,,15/25,,,P,ORCID:0000-0002-0736-9199[2025-11-03];HPO:skoehler[2018-10-08];HPO:probinson[2023-06-07],2025-11-03
OMIM:256500,Netherton syndrome,,HP:0001954,PMID:34138484,PCS,,1/2,,,P,ORCID:0000-0002-0736-9199[2025-11-03],2025-11-03
OMIM:256500,Netherton syndrome,,HP:0000989,PMID:37102386;PMID:16670861;PMID:36165187;PMID:33452875;PMID:40607310;PMID:11841556;PMID:31990481;PMID:22089833;PMID:26365906;PMID:34862657;PMID:41047924,PCS,,44/49,,,P,ORCID:0000-0002-0736-9199[2025-11-03],2025-11-03
OMIM:256500,Netherton syndrome,,HP:0000988,PMID:34888090;PMID:41047924,PCS,,2/2,,,P,ORCID:0000-0002-0736-9199[2025-11-03],2025-11-03
OMIM:256500,Netherton syndrome,,HP:0006689,PMID:39036217,PCS,,1/1,,,P,ORCID:0000-0002-0736-9199[2025-11-03],2025-11-03
OMIM:256500,Netherton syndrome,,HP:0002643,PMID:30016041,PCS,,1/1,,,P,ORCID:0000-0002-0736-9199[2025-11-03],2025-11-03
OMIM:256500,Netherton syndrome,,HP:0002223,PMID:34138484,PCS,,2/2,,,P,ORCID:0000-0002-0736-9199[2025-11-03],2025-11-03
OMIM:256500,Netherton syndrome,,HP:0025067,PMID:26365906,PCS,,1/1,,,P,ORCID:0000-0002-0736-9199[2025-11-03],2025-11-03
OMIM:256500,Netherton syndrome,,HP:0025104,PMID:31990481,PCS,,1/1,,,P,ORCID:0000-0002-0736-9199[2025-11-03],2025-11-03
OMIM:256500,Netherton syndrome,,HP:0000282,PMID:23802543;PMID:21692842,PCS,,2/2,,,P,ORCID:0000-0002-0736-9199[2025-11-03],2025-11-03
OMIM:256500,Netherton syndrome,,HP:0001250,PMID:34138484,PCS,,0/2,,,P,ORCID:0000-0002-0736-9199[2025-11-03],2025-11-03
OMIM:256500,Netherton syndrome,,HP:0001252,PMID:28289593;PMID:32767583;PMID:21692842,PCS,,3/3,,,P,ORCID:0000-0002-0736-9199[2025-11-03],2025-11-03
OMIM:256500,Netherton syndrome,,HP:0012389,PMID:38025195,PCS,,0/1,,,P,ORCID:0000-0002-0736-9199[2025-11-03],2025-11-03
OMIM:256500,Netherton syndrome,,HP:0011971,PMID:39891497,PCS,,1/1,,,P,ORCID:0000-0002-0736-9199[2025-11-03],2025-11-03
OMIM:256500,Netherton syndrome,,HP:0045074,PMID:28289593,PCS,,1/1,,,P,ORCID:0000-0002-0736-9199[2025-11-03],2025-11-03
OMIM:256500,Netherton syndrome,,HP:0000958,PMID:16670861;PMID:23802543;PMID:26031502,PCS,,4/4,,,P,ORCID:0000-0002-0736-9199[2025-11-03],2025-11-03
OMIM:256500,Netherton syndrome,,HP:0100725,PMID:17989726,PCS,,4/5,,,P,ORCID:0000-0002-0736-9199[2025-11-03],2025-11-03
OMIM:256500,Netherton syndrome,,HP:0012393,PMID:37102386;PMID:32767583;PMID:25710899,PCS,,3/6,,,P,ORCID:0000-0002-0736-9199[2025-11-03],2025-11-03
OMIM:256500,Netherton syndrome,,HP:0100327,PMID:24506793;PMID:37102386;PMID:16670861;PMID:34888090,PCS,,8/8,,,P,ORCID:0000-0002-0736-9199[2025-11-03],2025-11-03
OMIM:256500,Netherton syndrome,,HP:0100845,PMID:39891497,PCS,,1/1,,,P,ORCID:0000-0002-0736-9199[2025-11-03],2025-11-03
OMIM:256500,Netherton syndrome,,HP:0012395,PMID:11841556,PCS,,7/20,,,P,ORCID:0000-0002-0736-9199[2025-11-03],2025-11-03
OMIM:256500,Netherton syndrome,,HP:0500001,PMID:34862657,PCS,,1/1,,,P,ORCID:0000-0002-0736-9199[2025-11-03],2025-11-03
OMIM:256500,Netherton syndrome,,HP:0000952,PMID:38025195,PCS,,0/1,,,P,ORCID:0000-0002-0736-9199[2025-11-03],2025-11-03
OMIM:256500,Netherton syndrome,,HP:0011968,PMID:38025195,PCS,,1/1,,,P,ORCID:0000-0002-0736-9199[2025-11-03],2025-11-03
OMIM:256500,Netherton syndrome,,HP:0040190,PMID:11952552,PCS,,1/1,,,P,ORCID:0000-0002-0736-9199[2025-11-03],2025-11-03
OMIM:256500,Netherton syndrome,,HP:0040189,PMID:32767583;PMID:24506793;PMID:36165187;PMID:16670861;PMID:33452875;PMID:40607310;PMID:31450277;PMID:15656819;PMID:34138484;PMID:22377713,PCS,,12/12,,,P,ORCID:0000-0002-0736-9199[2025-11-03],2025-11-03
OMIM:256500,Netherton syndrome,,HP:0012384,PMID:23802543,PCS,,0/1,,,P,ORCID:0000-0002-0736-9199[2025-11-03],2025-11-03
OMIM:256500,Netherton syndrome,,HP:0007479,PMID:19683336;PMID:15656819;PMID:38419182,PCS,,9/9,,,P,ORCID:0000-0002-0736-9199[2025-11-03];HPO:probinson[2009-02-17];HPO:probinson[2023-06-07],2025-11-03
OMIM:256500,Netherton syndrome,,HP:0002104,PMID:32767583,PCS,,1/1,,,P,ORCID:0000-0002-0736-9199[2025-11-03],2025-11-03
OMIM:256500,Netherton syndrome,,HP:0025847,PMID:37102386;PMID:23802543;PMID:21692842,PCS,,3/3,,,P,ORCID:0000-0002-0736-9199[2025-11-03],2025-11-03
OMIM:256500,Netherton syndrome,,HP:0410017,PMID:37102386,PCS,,7/9,,,P,ORCID:0000-0002-0736-9199[2025-11-03],2025-11-03
OMIM:256500,Netherton syndrome,,HP:0000962,PMID:16670861;PMID:33534181;PMID:21692842,PCS,,4/4,,,P,ORCID:0000-0002-0736-9199[2025-11-03],2025-11-03
OMIM:256500,Netherton syndrome,,HP:0001595,PMID:25710899,PCS,,0/1,,,P,ORCID:0000-0002-0736-9199[2025-11-03],2025-11-03
OMIM:256500,Netherton syndrome,,HP:0001596,PMID:28289593;PMID:38025195;PMID:26365906;PMID:22089833;PMID:22377713,PCS,,4/9,,,P,ORCID:0000-0002-0736-9199[2025-11-03],2025-11-03
OMIM:256500,Netherton syndrome,,HP:0410331,PMID:37102386;PMID:39891497,PCS,,2/2,,,P,ORCID:0000-0002-0736-9199[2025-11-03],2025-11-03
OMIM:256500,Netherton syndrome,,HP:0200039,PMID:27988933,PCS,,1/1,,,P,ORCID:0000-0002-0736-9199[2025-11-03],2025-11-03
OMIM:256500,Netherton syndrome,,HP:0031123,PMID:19683336,PCS,,4/7,,,P,ORCID:0000-0002-0736-9199[2025-11-03],2025-11-03
OMIM:256500,Netherton syndrome,,HP:0030318,PMID:20107740,PCS,,1/1,,,P,ORCID:0000-0002-0736-9199[2025-11-03],2025-11-03
OMIM:256500,Netherton syndrome,,HP:0001508,PMID:37102386;PMID:32767583;PMID:38025195;PMID:19683336;PMID:39036217;PMID:11841556;PMID:34888090;PMID:26365906;PMID:21692842,PCS,,35/42,,,P,ORCID:0000-0002-0736-9199[2025-11-03];HPO:probinson[2009-02-17];HPO:probinson[2023-06-07],2025-11-03
OMIM:256500,Netherton syndrome,,HP:0002719,PMID:16670861;PMID:31990481;PMID:34888090;PMID:22089833,PCS,,6/15,,,P,ORCID:0000-0002-0736-9199[2025-11-03],2025-11-03
OMIM:256500,Netherton syndrome,,HP:0001903,PMID:34888090,PCS,,1/1,,,P,ORCID:0000-0002-0736-9199[2025-11-03],2025-11-03
OMIM:256500,Netherton syndrome,,HP:0000656,PMID:11952552;PMID:15656819,PCS,,1/2,,,P,ORCID:0000-0002-0736-9199[2025-11-03],2025-11-03
OMIM:256500,Netherton syndrome,,HP:0006532,PMID:40607310;PMID:39036217;PMID:15656819,PCS,,2/3,,,P,ORCID:0000-0002-0736-9199[2025-11-03],2025-11-03
OMIM:256500,Netherton syndrome,,HP:0009886,PMID:24506793;PMID:22089833,PCS,,3/13,,,P,ORCID:0000-0002-0736-9199[2025-11-03],2025-11-03
OMIM:256500,Netherton syndrome,,HP:0000653,PMID:28289593;PMID:16670861;PMID:33452875;PMID:40607310;PMID:31450277;PMID:20107740;PMID:26031502;PMID:22377713,PCS,,10/10,,,P,ORCID:0000-0002-0736-9199[2025-11-03],2025-11-03
OMIM:256500,Netherton syndrome,,HP:0000498,PMID:20107740;PMID:22089833,PCS,,3/3,,,P,ORCID:0000-0002-0736-9199[2025-11-03],2025-11-03
OMIM:256500,Netherton syndrome,,HP:0410328,PMID:37102386;PMID:16670861;PMID:40607310,PCS,,6/6,,,P,ORCID:0000-0002-0736-9199[2025-11-03],2025-11-03
OMIM:256500,Netherton syndrome,,HP:0003765,PMID:36165187;PMID:41047924,PCS,,2/2,,,P,ORCID:0000-0002-0736-9199[2025-11-03],2025-11-03
OMIM:256500,Netherton syndrome,,HP:0001622,PMID:37102386,PCS,,5/9,,,P,ORCID:0000-0002-0736-9199[2025-11-03],2025-11-03
OMIM:256500,Netherton syndrome,,HP:0410323,PMID:36165187,PCS,,1/1,,,P,ORCID:0000-0002-0736-9199[2025-11-03],2025-11-03
OMIM:256500,Netherton syndrome,,HP:0006515,PMID:15656819,PCS,,1/1,,,P,ORCID:0000-0002-0736-9199[2025-11-03],2025-11-03
OMIM:256500,Netherton syndrome,,HP:0001880,PMID:36165187;PMID:16670861;PMID:33452875;PMID:17989726;PMID:11841556;PMID:31990481;PMID:22089833,PCS,,16/41,,,P,ORCID:0000-0002-0736-9199[2025-11-03],2025-11-03
OMIM:256500,Netherton syndrome,,HP:0002576,PMID:34138484,PCS,,1/1,,,P,ORCID:0000-0002-0736-9199[2025-11-03],2025-11-03
OMIM:256500,Netherton syndrome,,HP:0002299,PMID:24506793;PMID:37102386;PMID:33452875;PMID:20107740;PMID:26031502;PMID:38419182;PMID:26365906;PMID:22377713,PCS,,17/17,,,P,ORCID:0000-0002-0736-9199[2025-11-03];HPO:probinson[2012-03-01];HPO:probinson[2025-11-03],2025-11-03
OMIM:256500,Netherton syndrome,,HP:0034768,PMID:24506793;PMID:25710899;PMID:27988933,PCS,,3/3,,,P,ORCID:0000-0002-0736-9199[2025-11-03],2025-11-03
OMIM:256500,Netherton syndrome,,HP:0012115,PMID:34888090,PCS,,1/1,,,P,ORCID:0000-0002-0736-9199[2025-11-03],2025-11-03
OMIM:256500,Netherton syndrome,,HP:0004906,PMID:28289593;OMIM:256500;PMID:19683336;PMID:11841556;PMID:22089833,PCS,,20/49,,,P,ORCID:0000-0002-0736-9199[2025-11-03];HPO:probinson[2009-02-17];HPO:probinson[2023-06-07],2025-11-03
OMIM:256500,Netherton syndrome,,HP:0007453,PMID:26031502,PCS,,2/2,,,P,ORCID:0000-0002-0736-9199[2025-11-03],2025-11-03
OMIM:256500,Netherton syndrome,,HP:0025425,PMID:23802543;PMID:21692842,PCS,,2/2,,,P,ORCID:0000-0002-0736-9199[2025-11-03],2025-11-03
OMIM:256500,Netherton syndrome,,HP:0002208,PMID:34862657,PCS,,1/1,,,P,ORCID:0000-0002-0736-9199[2025-11-03],2025-11-03
OMIM:256500,Netherton syndrome,,HP:0001510,PMID:24506793;PMID:16670861;PMID:17989726;PMID:15656819;PMID:11841556;PMID:22089833;PMID:26365906;PMID:34138484;PMID:22377713,PCS,,27/43,,,P,ORCID:0000-0002-0736-9199[2025-11-03],2025-11-03
OMIM:256500,Netherton syndrome,,HP:0003777,PMID:11952552,PCS,,1/1,,,P,ORCID:0000-0002-0736-9199[2025-11-03],2025-11-03
OMIM:616462,"Acrofacial dysostosis, Cincinnati type",,HP:0002389,PMID:37075751,PCS,,1/1,,,P,ORCID:0000-0001-7941-2961[2024-04-01],2024-04-01
OMIM:616462,"Acrofacial dysostosis, Cincinnati type",,HP:0000365,PMID:37075751,PCS,,2/2,,,P,ORCID:0000-0001-7941-2961[2024-04-01],2024-04-01
OMIM:616462,"Acrofacial dysostosis, Cincinnati type",,HP:0003196,PMID:37075751,PCS,,1/1,,,P,ORCID:0000-0001-7941-2961[2024-04-01],2024-04-01
OMIM:616462,"Acrofacial dysostosis, Cincinnati type",,HP:0012469,PMID:37075751,PCS,,1/18,,,P,ORCID:0000-0001-7941-2961[2024-04-01],2024-04-01
OMIM:616462,"Acrofacial dysostosis, Cincinnati type",,HP:0000238,PMID:37075751,PCS,,1/1,,,P,ORCID:0000-0001-7941-2961[2024-04-01],2024-04-01
OMIM:616462,"Acrofacial dysostosis, Cincinnati type",,HP:0000637,PMID:37075751,PCS,,1/1,,,P,ORCID:0000-0001-7941-2961[2024-04-01],2024-04-01
OMIM:616462,"Acrofacial dysostosis, Cincinnati type",,HP:0001605,PMID:37075751,PCS,,2/2,,,P,ORCID:0000-0001-7941-2961[2024-04-01],2024-04-01
OMIM:616462,"Acrofacial dysostosis, Cincinnati type",,HP:0001601,PMID:37075751,PCS,,1/1,,,P,ORCID:0000-0001-7941-2961[2024-04-01],2024-04-01
OMIM:616462,"Acrofacial dysostosis, Cincinnati type",,HP:0000252,PMID:25913037;PMID:37075751,PCS,,6/16,,,P,ORCID:0000-0001-7941-2961[2024-04-01];HPO:skoehler[2015-08-16];HPO:probinson[2022-09-24],2024-04-01
OMIM:616462,"Acrofacial dysostosis, Cincinnati type",,HP:0003764,PMID:37075751,PCS,,1/1,,,P,ORCID:0000-0001-7941-2961[2024-04-01],2024-04-01
OMIM:616462,"Acrofacial dysostosis, Cincinnati type",,HP:0000490,PMID:37075751,PCS,,2/2,,,P,ORCID:0000-0001-7941-2961[2024-04-01],2024-04-01
OMIM:616462,"Acrofacial dysostosis, Cincinnati type",,HP:0034392,PMID:37075751,PCS,,2/16,,,P,ORCID:0000-0001-7941-2961[2024-04-01],2024-04-01
OMIM:616462,"Acrofacial dysostosis, Cincinnati type",,HP:0000403,PMID:37075751,PCS,,1/1,,,P,ORCID:0000-0001-7941-2961[2024-04-01],2024-04-01
OMIM:616462,"Acrofacial dysostosis, Cincinnati type",,HP:0004209,PMID:37075751,PCS,,1/1,,,P,ORCID:0000-0001-7941-2961[2024-04-01],2024-04-01
OMIM:616462,"Acrofacial dysostosis, Cincinnati type",,HP:0001059,PMID:37075751,PCS,,1/1,,,P,ORCID:0000-0001-7941-2961[2024-04-01],2024-04-01
OMIM:616462,"Acrofacial dysostosis, Cincinnati type",,HP:0000369,PMID:37075751,PCS,,6/17,,,P,ORCID:0000-0001-7941-2961[2024-04-01],2024-04-01
OMIM:616462,"Acrofacial dysostosis, Cincinnati type",,HP:0002786,PMID:37075751,PCS,,1/1,,,P,ORCID:0000-0001-7941-2961[2024-04-01],2024-04-01
OMIM:616462,"Acrofacial dysostosis, Cincinnati type",,HP:0000126,PMID:37075751,PCS,,1/1,,,P,ORCID:0000-0001-7941-2961[2024-04-01],2024-04-01
OMIM:616462,"Acrofacial dysostosis, Cincinnati type",,HP:0001336,PMID:37075751,PCS,,1/1,,,P,ORCID:0000-0001-7941-2961[2024-04-01],2024-04-01
OMIM:616462,"Acrofacial dysostosis, Cincinnati type",,HP:0000582,PMID:37075751,PCS,,1/1,,,P,ORCID:0000-0001-7941-2961[2024-04-01],2024-04-01
OMIM:616462,"Acrofacial dysostosis, Cincinnati type",,HP:0011639,PMID:37075751,PCS,,1/1,,,P,ORCID:0000-0001-7941-2961[2024-04-01],2024-04-01
OMIM:616462,"Acrofacial dysostosis, Cincinnati type",,HP:0000463,PMID:37075751,PCS,,1/1,,,P,ORCID:0000-0001-7941-2961[2024-04-01],2024-04-01
OMIM:616462,"Acrofacial dysostosis, Cincinnati type",,HP:0001270,PMID:37075751,PCS,,1/1,,,P,ORCID:0000-0001-7941-2961[2024-04-01],2024-04-01
OMIM:616462,"Acrofacial dysostosis, Cincinnati type",,HP:0012049,PMID:37075751,PCS,,1/1,,,P,ORCID:0000-0001-7941-2961[2024-04-01],2024-04-01
OMIM:616462,"Acrofacial dysostosis, Cincinnati type",,HP:0000337,PMID:37075751,PCS,,1/1,,,P,ORCID:0000-0001-7941-2961[2024-04-01],2024-04-01
OMIM:616462,"Acrofacial dysostosis, Cincinnati type",,HP:0001305,PMID:37075751,PCS,,1/1,,,P,ORCID:0000-0001-7941-2961[2024-04-01],2024-04-01
OMIM:616462,"Acrofacial dysostosis, Cincinnati type",,HP:0004937,PMID:37075751,PCS,,1/1,,,P,ORCID:0000-0001-7941-2961[2024-04-01],2024-04-01
OMIM:616462,"Acrofacial dysostosis, Cincinnati type",,HP:0002119,PMID:37075751,PCS,,1/10,,,P,ORCID:0000-0001-7941-2961[2024-04-01],2024-04-01
OMIM:616462,"Acrofacial dysostosis, Cincinnati type",,HP:0000218,PMID:37075751,PCS,,1/1,,,P,ORCID:0000-0001-7941-2961[2024-04-01],2024-04-01
OMIM:616462,"Acrofacial dysostosis, Cincinnati type",,HP:0004415,PMID:37075751,PCS,,1/1,,,P,ORCID:0000-0001-7941-2961[2024-04-01],2024-04-01
OMIM:616462,"Acrofacial dysostosis, Cincinnati type",,HP:0002410,PMID:37075751,PCS,,1/1,,,P,ORCID:0000-0001-7941-2961[2024-04-01],2024-04-01
OMIM:616462,"Acrofacial dysostosis, Cincinnati type",,HP:0002015,PMID:37075751,PCS,,1/1,,,P,ORCID:0000-0001-7941-2961[2024-04-01],2024-04-01
OMIM:616462,"Acrofacial dysostosis, Cincinnati type",,HP:0002650,PMID:37075751,PCS,,1/1,,,P,ORCID:0000-0001-7941-2961[2024-04-01],2024-04-01
OMIM:616462,"Acrofacial dysostosis, Cincinnati type",,HP:0002376,PMID:37075751,PCS,,1/16,,,P,ORCID:0000-0001-7941-2961[2024-04-01],2024-04-01
OMIM:616462,"Acrofacial dysostosis, Cincinnati type",,HP:0010819,PMID:37075751,PCS,,1/1,,,P,ORCID:0000-0001-7941-2961[2024-04-01],2024-04-01
OMIM:616462,"Acrofacial dysostosis, Cincinnati type",,HP:0200128,PMID:37075751,PCS,,1/1,,,P,ORCID:0000-0001-7941-2961[2024-04-01],2024-04-01
OMIM:616462,"Acrofacial dysostosis, Cincinnati type",,HP:0012712,PMID:37075751,PCS,,1/1,,,P,ORCID:0000-0001-7941-2961[2024-04-01],2024-04-01
OMIM:616462,"Acrofacial dysostosis, Cincinnati type",,HP:0011471,PMID:37075751,PCS,,2/2,,,P,ORCID:0000-0001-7941-2961[2024-04-01],2024-04-01
OMIM:616462,"Acrofacial dysostosis, Cincinnati type",,HP:0000508,PMID:37075751,PCS,,5/18,,,P,ORCID:0000-0001-7941-2961[2024-04-01],2024-04-01
OMIM:616462,"Acrofacial dysostosis, Cincinnati type",,HP:0200134,PMID:37075751,PCS,,1/1,,,P,ORCID:0000-0001-7941-2961[2024-04-01],2024-04-01
OMIM:616462,"Acrofacial dysostosis, Cincinnati type",,HP:0000347,PMID:25913037;PMID:37075751,PCS,,9/21,,,P,ORCID:0000-0001-7941-2961[2024-04-01];HPO:skoehler[2015-08-16];HPO:probinson[2022-09-24],2024-04-01
OMIM:616462,"Acrofacial dysostosis, Cincinnati type",,HP:0004942,PMID:37075751,PCS,,1/1,,,P,ORCID:0000-0001-7941-2961[2024-04-01],2024-04-01
OMIM:616462,"Acrofacial dysostosis, Cincinnati type",,HP:0000286,PMID:37075751,PCS,,1/1,,,P,ORCID:0000-0001-7941-2961[2024-04-01],2024-04-01
OMIM:616462,"Acrofacial dysostosis, Cincinnati type",,HP:0001250,PMID:37075751,PCS,,5/5,,,P,ORCID:0000-0001-7941-2961[2024-04-01],2024-04-01
OMIM:616462,"Acrofacial dysostosis, Cincinnati type",,HP:0003396,PMID:37075751,PCS,,1/1,,,P,ORCID:0000-0001-7941-2961[2024-04-01],2024-04-01
OMIM:616462,"Acrofacial dysostosis, Cincinnati type",,HP:0001252,PMID:37075751,PCS,,10/17,,,P,ORCID:0000-0001-7941-2961[2024-04-01],2024-04-01
OMIM:616462,"Acrofacial dysostosis, Cincinnati type",,HP:0002061,PMID:37075751,PCS,,1/1,,,P,ORCID:0000-0001-7941-2961[2024-04-01],2024-04-01
OMIM:616462,"Acrofacial dysostosis, Cincinnati type",,HP:0410030,PMID:37075751,PCS,,2/17,,,P,ORCID:0000-0001-7941-2961[2024-04-01],2024-04-01
OMIM:616462,"Acrofacial dysostosis, Cincinnati type",,HP:0011577,PMID:37075751,PCS,,1/1,,,P,ORCID:0000-0001-7941-2961[2024-04-01],2024-04-01
OMIM:616462,"Acrofacial dysostosis, Cincinnati type",,HP:0040064,PMID:37075751,PCS,,6/17,,,P,ORCID:0000-0001-7941-2961[2024-04-01],2024-04-01
OMIM:616462,"Acrofacial dysostosis, Cincinnati type",,HP:0034185,PMID:37075751,PCS,,1/1,,,P,ORCID:0000-0001-7941-2961[2024-04-01],2024-04-01
OMIM:616462,"Acrofacial dysostosis, Cincinnati type",,HP:0011342,PMID:37075751,PCS,,1/1,,,P,ORCID:0000-0001-7941-2961[2024-04-01],2024-04-01
OMIM:616462,"Acrofacial dysostosis, Cincinnati type",,HP:0001647,PMID:37075751,PCS,,1/1,,,P,ORCID:0000-0001-7941-2961[2024-04-01],2024-04-01
OMIM:616462,"Acrofacial dysostosis, Cincinnati type",,HP:0000316,PMID:37075751,PCS,,9/16,,,P,ORCID:0000-0001-7941-2961[2024-04-01],2024-04-01
OMIM:616462,"Acrofacial dysostosis, Cincinnati type",,HP:0000954,PMID:37075751,PCS,,1/1,,,P,ORCID:0000-0001-7941-2961[2024-04-01],2024-04-01
OMIM:616462,"Acrofacial dysostosis, Cincinnati type",,HP:0001800,PMID:37075751,PCS,,1/1,,,P,ORCID:0000-0001-7941-2961[2024-04-01],2024-04-01
OMIM:616462,"Acrofacial dysostosis, Cincinnati type",,HP:0001249,PMID:37075751,PCS,,0/1,,,P,ORCID:0000-0001-7941-2961[2024-04-01],2024-04-01
OMIM:616462,"Acrofacial dysostosis, Cincinnati type",,HP:0000175,PMID:25913037;PMID:37075751,PCS,,6/20,,,P,ORCID:0000-0001-7941-2961[2024-04-01];HPO:skoehler[2015-08-16];HPO:probinson[2022-09-24],2024-04-01
OMIM:616462,"Acrofacial dysostosis, Cincinnati type",,HP:0000574,PMID:37075751,PCS,,1/1,,,P,ORCID:0000-0001-7941-2961[2024-04-01],2024-04-01
OMIM:616462,"Acrofacial dysostosis, Cincinnati type",,HP:0001263,PMID:37075751,PCS,,8/14,,,P,ORCID:0000-0001-7941-2961[2024-04-01],2024-04-01
OMIM:616462,"Acrofacial dysostosis, Cincinnati type",,HP:0410263,PMID:37075751,PCS,,5/12,,,P,ORCID:0000-0001-7941-2961[2024-04-01],2024-04-01
OMIM:616462,"Acrofacial dysostosis, Cincinnati type",,HP:0011443,PMID:37075751,PCS,,1/16,,,P,ORCID:0000-0001-7941-2961[2024-04-01],2024-04-01
OMIM:616462,"Acrofacial dysostosis, Cincinnati type",,HP:0011569,PMID:37075751,PCS,,1/1,,,P,ORCID:0000-0001-7941-2961[2024-04-01],2024-04-01
OMIM:616462,"Acrofacial dysostosis, Cincinnati type",,HP:0011330,PMID:37075751,PCS,,3/18,,,P,ORCID:0000-0001-7941-2961[2024-04-01],2024-04-01
OMIM:616462,"Acrofacial dysostosis, Cincinnati type",,HP:0008689,PMID:37075751,PCS,,1/1,,,P,ORCID:0000-0001-7941-2961[2024-04-01],2024-04-01
OMIM:616462,"Acrofacial dysostosis, Cincinnati type",,HP:0000324,PMID:37075751,PCS,,3/18,,,P,ORCID:0000-0001-7941-2961[2024-04-01],2024-04-01
OMIM:616462,"Acrofacial dysostosis, Cincinnati type",,HP:0001655,PMID:37075751,PCS,,4/14,,,P,ORCID:0000-0001-7941-2961[2024-04-01],2024-04-01
OMIM:616462,"Acrofacial dysostosis, Cincinnati type",,HP:0000023,PMID:37075751,PCS,,1/1,,,P,ORCID:0000-0001-7941-2961[2024-04-01],2024-04-01
OMIM:616462,"Acrofacial dysostosis, Cincinnati type",,HP:0001508,PMID:37075751,PCS,,1/1,,,P,ORCID:0000-0001-7941-2961[2024-04-01],2024-04-01
OMIM:616462,"Acrofacial dysostosis, Cincinnati type",,HP:0001629,PMID:37075751,PCS,,3/14,,,P,ORCID:0000-0001-7941-2961[2024-04-01],2024-04-01
OMIM:616462,"Acrofacial dysostosis, Cincinnati type",,HP:0008551,PMID:25913037;PMID:37075751,PCS,,5/21,,,P,ORCID:0000-0001-7941-2961[2024-04-01];HPO:skoehler[2015-08-16];HPO:probinson[2022-09-24],2024-04-01
OMIM:616462,"Acrofacial dysostosis, Cincinnati type",,HP:0002835,PMID:37075751,PCS,,1/1,,,P,ORCID:0000-0001-7941-2961[2024-04-01],2024-04-01
OMIM:616462,"Acrofacial dysostosis, Cincinnati type",,HP:0009921,PMID:37075751,PCS,,1/1,,,P,ORCID:0000-0001-7941-2961[2024-04-01],2024-04-01
OMIM:616462,"Acrofacial dysostosis, Cincinnati type",,HP:0000256,PMID:37075751,PCS,,0/13,,,P,ORCID:0000-0001-7941-2961[2024-04-01],2024-04-01
OMIM:616462,"Acrofacial dysostosis, Cincinnati type",,HP:0001363,PMID:37075751,PCS,,0/15,,,P,ORCID:0000-0001-7941-2961[2024-04-01],2024-04-01
OMIM:616462,"Acrofacial dysostosis, Cincinnati type",,HP:0001362,PMID:37075751,PCS,,1/1,,,P,ORCID:0000-0001-7941-2961[2024-04-01],2024-04-01
OMIM:616462,"Acrofacial dysostosis, Cincinnati type",,HP:0005280,PMID:37075751,PCS,,1/1,,,P,ORCID:0000-0001-7941-2961[2024-04-01],2024-04-01
OMIM:616462,"Acrofacial dysostosis, Cincinnati type",,HP:0009110,PMID:37075751,PCS,,1/1,,,P,ORCID:0000-0001-7941-2961[2024-04-01],2024-04-01
OMIM:616462,"Acrofacial dysostosis, Cincinnati type",,HP:0000668,PMID:37075751,PCS,,2/7,,,P,ORCID:0000-0001-7941-2961[2024-04-01],2024-04-01
OMIM:616462,"Acrofacial dysostosis, Cincinnati type",,HP:0001511,PMID:37075751,PCS,,3/14,,,P,ORCID:0000-0001-7941-2961[2024-04-01],2024-04-01
OMIM:616462,"Acrofacial dysostosis, Cincinnati type",,HP:0000028,PMID:37075751,PCS,,1/1,,,P,ORCID:0000-0001-7941-2961[2024-04-01],2024-04-01
OMIM:616462,"Acrofacial dysostosis, Cincinnati type",,HP:0004502,PMID:37075751,PCS,,1/1,,,P,ORCID:0000-0001-7941-2961[2024-04-01],2024-04-01
OMIM:618505,Stolerman neurodevelopmental syndrome,,HP:0002144,PMID:37196654,PCS,,2/2,,,P,ORCID:0000-0002-0736-9199[2025-11-09],2025-11-09
OMIM:618505,Stolerman neurodevelopmental syndrome,,HP:0004322,PMID:37196654;PMID:31124279,PCS,,1/67,,,P,ORCID:0000-0002-0736-9199[2025-11-09],2025-11-09
OMIM:618505,Stolerman neurodevelopmental syndrome,,HP:0011413,PMID:37196654,PCS,,1/1,,,P,ORCID:0000-0002-0736-9199[2025-11-09],2025-11-09
OMIM:618505,Stolerman neurodevelopmental syndrome,,HP:0034782,PMID:37196654,PCS,,1/1,,,P,ORCID:0000-0002-0736-9199[2025-11-09],2025-11-09
OMIM:618505,Stolerman neurodevelopmental syndrome,,HP:0002019,PMID:37196654;PMID:31124279,PCS,,10/50,,,P,ORCID:0000-0002-0736-9199[2025-11-09],2025-11-09
OMIM:618505,Stolerman neurodevelopmental syndrome,,HP:0001601,PMID:31124279,PCS,,1/1,,,P,ORCID:0000-0002-0736-9199[2025-11-09],2025-11-09
OMIM:618505,Stolerman neurodevelopmental syndrome,,HP:6001054,PMID:31124279,PCS,,1/1,,,P,ORCID:0000-0002-0736-9199[2025-11-09],2025-11-09
OMIM:618505,Stolerman neurodevelopmental syndrome,,HP:0011407,PMID:37196654,PCS,,2/2,,,P,ORCID:0000-0002-0736-9199[2025-11-09],2025-11-09
OMIM:618505,Stolerman neurodevelopmental syndrome,,HP:0012733,PMID:31124279,PCS,,2/2,,,P,ORCID:0000-0002-0736-9199[2025-11-09],2025-11-09
OMIM:618505,Stolerman neurodevelopmental syndrome,,HP:0002949,PMID:37196654,PCS,,1/1,,,P,ORCID:0000-0002-0736-9199[2025-11-09],2025-11-09
OMIM:618505,Stolerman neurodevelopmental syndrome,,HP:0000767,PMID:37196654;PMID:31124279,PCS,,2/57,,,P,ORCID:0000-0002-0736-9199[2025-11-09];HPO:skoehler[2019-09-07];HPO:probinson[2023-02-20],2025-11-09
OMIM:618505,Stolerman neurodevelopmental syndrome,,HP:0000403,PMID:37196654,PCS,,6/46,,,P,ORCID:0000-0002-0736-9199[2025-11-09],2025-11-09
OMIM:618505,Stolerman neurodevelopmental syndrome,,HP:0000527,PMID:31124279,PCS,,1/1,,,P,ORCID:0000-0002-0736-9199[2025-11-09],2025-11-09
OMIM:618505,Stolerman neurodevelopmental syndrome,,HP:0001852,PMID:31124279,PCS,,1/1,,,P,ORCID:0000-0002-0736-9199[2025-11-09],2025-11-09
OMIM:618505,Stolerman neurodevelopmental syndrome,,HP:0002942,PMID:37196654,PCS,,3/3,,,P,ORCID:0000-0002-0736-9199[2025-11-09],2025-11-09
OMIM:618505,Stolerman neurodevelopmental syndrome,,HP:0001611,PMID:37196654,PCS,,1/1,,,P,ORCID:0000-0002-0736-9199[2025-11-09],2025-11-09
OMIM:618505,Stolerman neurodevelopmental syndrome,,HP:0001276,PMID:37196654,PCS,,1/1,,,P,ORCID:0000-0002-0736-9199[2025-11-09],2025-11-09
OMIM:618505,Stolerman neurodevelopmental syndrome,,HP:0001156,PMID:37196654,PCS,,3/3,,,P,ORCID:0000-0002-0736-9199[2025-11-09],2025-11-09
OMIM:618505,Stolerman neurodevelopmental syndrome,,HP:0001272,PMID:37196654,PCS,,1/1,,,P,ORCID:0000-0002-0736-9199[2025-11-09],2025-11-09
OMIM:618505,Stolerman neurodevelopmental syndrome,,HP:0002120,PMID:37196654,PCS,,1/1,,,P,ORCID:0000-0002-0736-9199[2025-11-09],2025-11-09
OMIM:618505,Stolerman neurodevelopmental syndrome,,HP:0001274,PMID:37196654,PCS,,1/2,,,P,ORCID:0000-0002-0736-9199[2025-11-09],2025-11-09
OMIM:618505,Stolerman neurodevelopmental syndrome,,HP:0100033,PMID:37196654,PCS,,4/4,,,P,ORCID:0000-0002-0736-9199[2025-11-09],2025-11-09
OMIM:618505,Stolerman neurodevelopmental syndrome,,HP:0012172,PMID:31124279,PCS,,1/1,,,P,ORCID:0000-0002-0736-9199[2025-11-09],2025-11-09
OMIM:618505,Stolerman neurodevelopmental syndrome,,HP:0000737,PMID:37196654,PCS,,1/1,,,P,ORCID:0000-0002-0736-9199[2025-11-09],2025-11-09
OMIM:618505,Stolerman neurodevelopmental syndrome,,HP:0000739,PMID:37196654;PMID:31124279,PCS,,7/7,,,P,ORCID:0000-0002-0736-9199[2025-11-09],2025-11-09
OMIM:618505,Stolerman neurodevelopmental syndrome,,HP:0001943,PMID:37196654,PCS,,1/1,,,P,ORCID:0000-0002-0736-9199[2025-11-09],2025-11-09
OMIM:618505,Stolerman neurodevelopmental syndrome,,HP:0001946,PMID:37196654,PCS,,1/1,,,P,ORCID:0000-0002-0736-9199[2025-11-09],2025-11-09
OMIM:618505,Stolerman neurodevelopmental syndrome,,HP:0000736,PMID:37196654,PCS,,1/1,,,P,ORCID:0000-0002-0736-9199[2025-11-09],2025-11-09
OMIM:618505,Stolerman neurodevelopmental syndrome,,HP:0030084,PMID:37196654;PMID:31124279,PCS,,8/8,,,P,ORCID:0000-0002-0736-9199[2025-11-09],2025-11-09
OMIM:618505,Stolerman neurodevelopmental syndrome,,HP:0025116,PMID:37196654,PCS,,1/1,,,P,ORCID:0000-0002-0736-9199[2025-11-09],2025-11-09
OMIM:618505,Stolerman neurodevelopmental syndrome,,HP:0000977,PMID:37196654,PCS,,1/1,,,P,ORCID:0000-0002-0736-9199[2025-11-09],2025-11-09
OMIM:618505,Stolerman neurodevelopmental syndrome,,HP:0000974,PMID:37196654,PCS,,1/50,,,P,ORCID:0000-0002-0736-9199[2025-11-09],2025-11-09
OMIM:618505,Stolerman neurodevelopmental syndrome,,HP:0002014,PMID:37196654,PCS,,1/1,,,P,ORCID:0000-0002-0736-9199[2025-11-09],2025-11-09
OMIM:618505,Stolerman neurodevelopmental syndrome,,HP:0002015,PMID:31124279,PCS,,1/1,,,P,ORCID:0000-0002-0736-9199[2025-11-09],2025-11-09
OMIM:618505,Stolerman neurodevelopmental syndrome,,HP:0002376,PMID:37196654,PCS,,2/27,,,P,ORCID:0000-0002-0736-9199[2025-11-09],2025-11-09
OMIM:618505,Stolerman neurodevelopmental syndrome,,HP:0001288,PMID:37196654,PCS,,4/4,,,P,ORCID:0000-0002-0736-9199[2025-11-09],2025-11-09
OMIM:618505,Stolerman neurodevelopmental syndrome,,HP:0002013,PMID:37196654,PCS,,1/1,,,P,ORCID:0000-0002-0736-9199[2025-11-09],2025-11-09
OMIM:618505,Stolerman neurodevelopmental syndrome,,HP:0002373,PMID:31124279,PCS,,1/1,,,P,ORCID:0000-0002-0736-9199[2025-11-09],2025-11-09
OMIM:618505,Stolerman neurodevelopmental syndrome,,HP:0010773,PMID:37196654,PCS,,1/1,,,P,ORCID:0000-0002-0736-9199[2025-11-09],2025-11-09
OMIM:618505,Stolerman neurodevelopmental syndrome,,HP:0100710,PMID:37196654,PCS,,2/2,,,P,ORCID:0000-0002-0736-9199[2025-11-09],2025-11-09
OMIM:618505,Stolerman neurodevelopmental syndrome,,HP:0001837,PMID:37196654,PCS,,3/3,,,P,ORCID:0000-0002-0736-9199[2025-11-09],2025-11-09
OMIM:618505,Stolerman neurodevelopmental syndrome,,HP:0002808,PMID:37196654,PCS,,0/4,,,P,ORCID:0000-0002-0736-9199[2025-11-09],2025-11-09
OMIM:618505,Stolerman neurodevelopmental syndrome,,HP:0000508,PMID:37196654,PCS,,3/3,,,P,ORCID:0000-0002-0736-9199[2025-11-09],2025-11-09
OMIM:618505,Stolerman neurodevelopmental syndrome,,HP:0007015,PMID:37196654,PCS,,3/3,,,P,ORCID:0000-0002-0736-9199[2025-11-09],2025-11-09
OMIM:618505,Stolerman neurodevelopmental syndrome,,HP:0100716,PMID:31124279,PCS,,1/1,,,P,ORCID:0000-0002-0736-9199[2025-11-09],2025-11-09
OMIM:618505,Stolerman neurodevelopmental syndrome,,HP:0002007,PMID:37196654,PCS,,2/2,,,P,ORCID:0000-0002-0736-9199[2025-11-09],2025-11-09
OMIM:618505,Stolerman neurodevelopmental syndrome,,HP:0007018,PMID:37196654;PMID:31124279,PCS,,20/20,,,P,ORCID:0000-0002-0736-9199[2025-11-09],2025-11-09
OMIM:618505,Stolerman neurodevelopmental syndrome,,HP:0000742,PMID:31124279,PCS,,1/1,,,P,ORCID:0000-0002-0736-9199[2025-11-09],2025-11-09
OMIM:618505,Stolerman neurodevelopmental syndrome,,HP:0001831,PMID:37196654,PCS,,2/2,,,P,ORCID:0000-0002-0736-9199[2025-11-09],2025-11-09
OMIM:618505,Stolerman neurodevelopmental syndrome,,HP:0000286,PMID:37196654;PMID:31124279,PCS,,5/5,,,P,ORCID:0000-0002-0736-9199[2025-11-09];HPO:skoehler[2019-09-07];HPO:probinson[2023-02-20],2025-11-09
OMIM:618505,Stolerman neurodevelopmental syndrome,,HP:0001374,PMID:37196654,PCS,,1/1,,,P,ORCID:0000-0002-0736-9199[2025-11-09],2025-11-09
OMIM:618505,Stolerman neurodevelopmental syndrome,,HP:0010529,PMID:37196654,PCS,,1/27,,,P,ORCID:0000-0002-0736-9199[2025-11-09],2025-11-09
OMIM:618505,Stolerman neurodevelopmental syndrome,,HP:0001256,PMID:37196654,PCS,,14/14,,,P,ORCID:0000-0002-0736-9199[2025-11-09],2025-11-09
OMIM:618505,Stolerman neurodevelopmental syndrome,,HP:0002342,PMID:37196654,PCS,,3/3,,,P,ORCID:0000-0002-0736-9199[2025-11-09],2025-11-09
OMIM:618505,Stolerman neurodevelopmental syndrome,,HP:0001250,PMID:37196654;PMID:31124279,PCS,,7/55,,,P,ORCID:0000-0002-0736-9199[2025-11-09],2025-11-09
OMIM:618505,Stolerman neurodevelopmental syndrome,,HP:0001251,PMID:37196654,PCS,,1/1,,,P,ORCID:0000-0002-0736-9199[2025-11-09],2025-11-09
OMIM:618505,Stolerman neurodevelopmental syndrome,,HP:0000283,PMID:37196654,PCS,,1/1,,,P,ORCID:0000-0002-0736-9199[2025-11-09],2025-11-09
OMIM:618505,Stolerman neurodevelopmental syndrome,,HP:0000162,PMID:37196654,PCS,,1/1,,,P,ORCID:0000-0002-0736-9199[2025-11-09],2025-11-09
OMIM:618505,Stolerman neurodevelopmental syndrome,,HP:0011613,PMID:37196654,PCS,,1/1,,,P,ORCID:0000-0002-0736-9199[2025-11-09],2025-11-09
OMIM:618505,Stolerman neurodevelopmental syndrome,,HP:0100694,PMID:37196654,PCS,,1/1,,,P,ORCID:0000-0002-0736-9199[2025-11-09],2025-11-09
OMIM:618505,Stolerman neurodevelopmental syndrome,,HP:0000716,PMID:37196654,PCS,,1/27,,,P,ORCID:0000-0002-0736-9199[2025-11-09],2025-11-09
OMIM:618505,Stolerman neurodevelopmental syndrome,,HP:0012393,PMID:37196654,PCS,,1/1,,,P,ORCID:0000-0002-0736-9199[2025-11-09],2025-11-09
OMIM:618505,Stolerman neurodevelopmental syndrome,,HP:0000718,PMID:37196654,PCS,,9/9,,,P,ORCID:0000-0002-0736-9199[2025-11-09],2025-11-09
OMIM:618505,Stolerman neurodevelopmental syndrome,,HP:0000717,PMID:31124279,PCS,,2/2,,,P,ORCID:0000-0002-0736-9199[2025-11-09],2025-11-09
OMIM:618505,Stolerman neurodevelopmental syndrome,,HP:0000954,PMID:37196654,PCS,,1/2,,,P,ORCID:0000-0002-0736-9199[2025-11-09],2025-11-09
OMIM:618505,Stolerman neurodevelopmental syndrome,,HP:0003307,PMID:37196654,PCS,,1/7,,,P,ORCID:0000-0002-0736-9199[2025-11-09],2025-11-09
OMIM:618505,Stolerman neurodevelopmental syndrome,,HP:0000713,PMID:37196654,PCS,,1/1,,,P,ORCID:0000-0002-0736-9199[2025-11-09],2025-11-09
OMIM:618505,Stolerman neurodevelopmental syndrome,,HP:0001004,PMID:31124279,PCS,,1/1,,,P,ORCID:0000-0002-0736-9199[2025-11-09],2025-11-09
OMIM:618505,Stolerman neurodevelopmental syndrome,,HP:0001249,PMID:37196654;PMID:31124279,PCS,,15/22,,,P,ORCID:0000-0002-0736-9199[2025-11-09],2025-11-09
OMIM:618505,Stolerman neurodevelopmental syndrome,,HP:0000952,PMID:31124279,PCS,,1/1,,,P,ORCID:0000-0002-0736-9199[2025-11-09],2025-11-09
OMIM:618505,Stolerman neurodevelopmental syndrome,,HP:0001265,PMID:37196654,PCS,,2/2,,,P,ORCID:0000-0002-0736-9199[2025-11-09],2025-11-09
OMIM:618505,Stolerman neurodevelopmental syndrome,,HP:0000175,PMID:37196654,PCS,,2/56,,,P,ORCID:0000-0002-0736-9199[2025-11-09],2025-11-09
OMIM:618505,Stolerman neurodevelopmental syndrome,,HP:0001385,PMID:37196654,PCS,,2/2,,,P,ORCID:0000-0002-0736-9199[2025-11-09],2025-11-09
OMIM:618505,Stolerman neurodevelopmental syndrome,,HP:0011968,PMID:37196654;PMID:31124279,PCS,,6/6,,,P,ORCID:0000-0002-0736-9199[2025-11-09],2025-11-09
OMIM:618505,Stolerman neurodevelopmental syndrome,,HP:0001382,PMID:37196654;PMID:31124279,PCS,,25/62,,,P,ORCID:0000-0002-0736-9199[2025-11-09];HPO:skoehler[2019-09-07];HPO:probinson[2023-02-20],2025-11-09
OMIM:618505,Stolerman neurodevelopmental syndrome,,HP:0001263,PMID:37196654;PMID:31124279,PCS,,14/28,,,P,ORCID:0000-0002-0736-9199[2025-11-09];HPO:skoehler[2019-09-07];HPO:probinson[2023-02-20],2025-11-09
OMIM:618505,Stolerman neurodevelopmental syndrome,,HP:0000294,PMID:37196654,PCS,,1/1,,,P,ORCID:0000-0002-0736-9199[2025-11-09],2025-11-09
OMIM:618505,Stolerman neurodevelopmental syndrome,,HP:0009890,PMID:37196654,PCS,,1/1,,,P,ORCID:0000-0002-0736-9199[2025-11-09],2025-11-09
OMIM:618505,Stolerman neurodevelopmental syndrome,,HP:0011171,PMID:37196654,PCS,,1/9,,,P,ORCID:0000-0002-0736-9199[2025-11-09],2025-11-09
OMIM:618505,Stolerman neurodevelopmental syndrome,,HP:0000729,PMID:37196654;PMID:31124279,PCS,,44/75,,,P,ORCID:0000-0002-0736-9199[2025-11-09];HPO:skoehler[2019-09-07];HPO:probinson[2023-02-20],2025-11-09
OMIM:618505,Stolerman neurodevelopmental syndrome,,HP:0000601,PMID:37196654,PCS,,1/1,,,P,ORCID:0000-0002-0736-9199[2025-11-09],2025-11-09
OMIM:618505,Stolerman neurodevelopmental syndrome,,HP:0000846,PMID:37196654,PCS,,1/1,,,P,ORCID:0000-0002-0736-9199[2025-11-09],2025-11-09
OMIM:618505,Stolerman neurodevelopmental syndrome,,HP:0007359,PMID:37196654,PCS,,1/9,,,P,ORCID:0000-0002-0736-9199[2025-11-09],2025-11-09
OMIM:618505,Stolerman neurodevelopmental syndrome,,HP:0000960,PMID:37196654,PCS,,1/1,,,P,ORCID:0000-0002-0736-9199[2025-11-09],2025-11-09
OMIM:618505,Stolerman neurodevelopmental syndrome,,HP:0009778,PMID:37196654,PCS,,1/1,,,P,ORCID:0000-0002-0736-9199[2025-11-09],2025-11-09
OMIM:618505,Stolerman neurodevelopmental syndrome,,HP:0001257,PMID:37196654,PCS,,0/51,,,P,ORCID:0000-0002-0736-9199[2025-11-09],2025-11-09
OMIM:618505,Stolerman neurodevelopmental syndrome,,HP:0001596,PMID:37196654,PCS,,1/1,,,P,ORCID:0000-0002-0736-9199[2025-11-09],2025-11-09
OMIM:618505,Stolerman neurodevelopmental syndrome,,HP:0000023,PMID:37196654,PCS,,2/2,,,P,ORCID:0000-0002-0736-9199[2025-11-09],2025-11-09
OMIM:618505,Stolerman neurodevelopmental syndrome,,HP:0010864,PMID:37196654,PCS,,1/1,,,P,ORCID:0000-0002-0736-9199[2025-11-09],2025-11-09
OMIM:618505,Stolerman neurodevelopmental syndrome,,HP:0000256,PMID:37196654,PCS,,5/5,,,P,ORCID:0000-0002-0736-9199[2025-11-09],2025-11-09
OMIM:618505,Stolerman neurodevelopmental syndrome,,HP:0011829,PMID:31124279,PCS,,1/1,,,P,ORCID:0000-0002-0736-9199[2025-11-09],2025-11-09
OMIM:618505,Stolerman neurodevelopmental syndrome,,HP:0000276,PMID:37196654,PCS,,1/1,,,P,ORCID:0000-0002-0736-9199[2025-11-09],2025-11-09
OMIM:618505,Stolerman neurodevelopmental syndrome,,HP:0000272,PMID:37196654,PCS,,1/1,,,P,ORCID:0000-0002-0736-9199[2025-11-09],2025-11-09
OMIM:618505,Stolerman neurodevelopmental syndrome,,HP:0002691,PMID:37196654,PCS,,1/2,,,P,ORCID:0000-0002-0736-9199[2025-11-09],2025-11-09
OMIM:618505,Stolerman neurodevelopmental syndrome,,HP:0011822,PMID:37196654,PCS,,1/1,,,P,ORCID:0000-0002-0736-9199[2025-11-09],2025-11-09
OMIM:618505,Stolerman neurodevelopmental syndrome,,HP:0011147,PMID:37196654,PCS,,1/9,,,P,ORCID:0000-0002-0736-9199[2025-11-09],2025-11-09
OMIM:618505,Stolerman neurodevelopmental syndrome,,HP:0000709,PMID:37196654,PCS,,4/49,,,P,ORCID:0000-0002-0736-9199[2025-11-09],2025-11-09
OMIM:618505,Stolerman neurodevelopmental syndrome,,HP:0032077,PMID:37196654,PCS,,1/6,,,P,ORCID:0000-0002-0736-9199[2025-11-09],2025-11-09
OMIM:618505,Stolerman neurodevelopmental syndrome,,HP:0000822,PMID:37196654,PCS,,1/1,,,P,ORCID:0000-0002-0736-9199[2025-11-09],2025-11-09
OMIM:618505,Stolerman neurodevelopmental syndrome,,HP:0000268,PMID:37196654;PMID:31124279,PCS,,2/13,,,P,ORCID:0000-0002-0736-9199[2025-11-09];HPO:skoehler[2019-09-07];HPO:probinson[2023-02-20],2025-11-09
OMIM:618505,Stolerman neurodevelopmental syndrome,,HP:0001357,PMID:37196654;PMID:31124279,PCS,,1/2,,,P,ORCID:0000-0002-0736-9199[2025-11-09],2025-11-09
OMIM:618505,Stolerman neurodevelopmental syndrome,,HP:0000028,PMID:37196654,PCS,,37/37,,,P,ORCID:0000-0002-0736-9199[2025-11-09],2025-11-09
OMIM:618505,Stolerman neurodevelopmental syndrome,,HP:0000483,PMID:37196654,PCS,,3/3,,,P,ORCID:0000-0002-0736-9199[2025-11-09],2025-11-09
OMIM:618505,Stolerman neurodevelopmental syndrome,,HP:0001572,PMID:37196654,PCS,,1/1,,,P,ORCID:0000-0002-0736-9199[2025-11-09],2025-11-09
OMIM:618505,Stolerman neurodevelopmental syndrome,,HP:0000365,PMID:37196654,PCS,,1/52,,,P,ORCID:0000-0002-0736-9199[2025-11-09],2025-11-09
OMIM:618505,Stolerman neurodevelopmental syndrome,,HP:0001212,PMID:37196654,PCS,,2/3,,,P,ORCID:0000-0002-0736-9199[2025-11-09],2025-11-09
OMIM:618505,Stolerman neurodevelopmental syndrome,,HP:0000486,PMID:37196654;PMID:31124279,PCS,,7/64,,,P,ORCID:0000-0002-0736-9199[2025-11-09];HPO:skoehler[2019-09-07];HPO:probinson[2023-02-20],2025-11-09
OMIM:618505,Stolerman neurodevelopmental syndrome,,HP:0001332,PMID:37196654,PCS,,3/53,,,P,ORCID:0000-0002-0736-9199[2025-11-09],2025-11-09
OMIM:618505,Stolerman neurodevelopmental syndrome,,HP:0000122,PMID:37196654,PCS,,1/6,,,P,ORCID:0000-0002-0736-9199[2025-11-09],2025-11-09
OMIM:618505,Stolerman neurodevelopmental syndrome,,HP:0003196,PMID:37196654,PCS,,6/6,,,P,ORCID:0000-0002-0736-9199[2025-11-09],2025-11-09
OMIM:618505,Stolerman neurodevelopmental syndrome,,HP:0003072,PMID:37196654,PCS,,1/1,,,P,ORCID:0000-0002-0736-9199[2025-11-09],2025-11-09
OMIM:618505,Stolerman neurodevelopmental syndrome,,HP:0033725,PMID:37196654;PMID:31124279,PCS,,2/2,,,P,ORCID:0000-0002-0736-9199[2025-11-09],2025-11-09
OMIM:618505,Stolerman neurodevelopmental syndrome,,HP:0000238,PMID:37196654,PCS,,1/2,,,P,ORCID:0000-0002-0736-9199[2025-11-09],2025-11-09
OMIM:618505,Stolerman neurodevelopmental syndrome,,HP:0003763,PMID:37196654,PCS,,2/12,,,P,ORCID:0000-0002-0736-9199[2025-11-09],2025-11-09
OMIM:618505,Stolerman neurodevelopmental syndrome,,HP:0000011,PMID:37196654,PCS,,1/1,,,P,ORCID:0000-0002-0736-9199[2025-11-09],2025-11-09
OMIM:618505,Stolerman neurodevelopmental syndrome,,HP:0000494,PMID:37196654,PCS,,2/2,,,P,ORCID:0000-0002-0736-9199[2025-11-09],2025-11-09
OMIM:618505,Stolerman neurodevelopmental syndrome,,HP:0000252,PMID:37196654;PMID:31124279,PCS,,1/12,,,P,ORCID:0000-0002-0736-9199[2025-11-09],2025-11-09
OMIM:618505,Stolerman neurodevelopmental syndrome,,HP:0010714,PMID:31124279,PCS,,1/1,,,P,ORCID:0000-0002-0736-9199[2025-11-09],2025-11-09
OMIM:618505,Stolerman neurodevelopmental syndrome,,HP:0000490,PMID:37196654;PMID:31124279,PCS,,4/4,,,P,ORCID:0000-0002-0736-9199[2025-11-09],2025-11-09
OMIM:618505,Stolerman neurodevelopmental syndrome,,HP:0001581,PMID:37196654,PCS,,1/1,,,P,ORCID:0000-0002-0736-9199[2025-11-09],2025-11-09
OMIM:618505,Stolerman neurodevelopmental syndrome,,HP:0011003,PMID:31124279,PCS,,1/1,,,P,ORCID:0000-0002-0736-9199[2025-11-09],2025-11-09
OMIM:618505,Stolerman neurodevelopmental syndrome,,HP:0000805,PMID:37196654,PCS,,1/1,,,P,ORCID:0000-0002-0736-9199[2025-11-09],2025-11-09
OMIM:618505,Stolerman neurodevelopmental syndrome,,HP:0002307,PMID:37196654,PCS,,1/27,,,P,ORCID:0000-0002-0736-9199[2025-11-09],2025-11-09
OMIM:618505,Stolerman neurodevelopmental syndrome,,HP:0005815,PMID:37196654,PCS,,1/1,,,P,ORCID:0000-0002-0736-9199[2025-11-09],2025-11-09
OMIM:618505,Stolerman neurodevelopmental syndrome,,HP:0000248,PMID:37196654,PCS,,1/1,,,P,ORCID:0000-0002-0736-9199[2025-11-09],2025-11-09
OMIM:618505,Stolerman neurodevelopmental syndrome,,HP:0000343,PMID:37196654,PCS,,1/1,,,P,ORCID:0000-0002-0736-9199[2025-11-09],2025-11-09
OMIM:618505,Stolerman neurodevelopmental syndrome,,HP:0000463,PMID:37196654,PCS,,4/4,,,P,ORCID:0000-0002-0736-9199[2025-11-09],2025-11-09
OMIM:618505,Stolerman neurodevelopmental syndrome,,HP:0002761,PMID:31124279,PCS,,1/1,,,P,ORCID:0000-0002-0736-9199[2025-11-09],2025-11-09
OMIM:618505,Stolerman neurodevelopmental syndrome,,HP:0002080,PMID:37196654,PCS,,1/1,,,P,ORCID:0000-0002-0736-9199[2025-11-09],2025-11-09
OMIM:618505,Stolerman neurodevelopmental syndrome,,HP:0033505,PMID:37196654,PCS,,1/1,,,P,ORCID:0000-0002-0736-9199[2025-11-09],2025-11-09
OMIM:618505,Stolerman neurodevelopmental syndrome,,HP:0001548,PMID:37196654,PCS,,1/1,,,P,ORCID:0000-0002-0736-9199[2025-11-09],2025-11-09
OMIM:618505,Stolerman neurodevelopmental syndrome,,HP:0000337,PMID:37196654,PCS,,1/1,,,P,ORCID:0000-0002-0736-9199[2025-11-09],2025-11-09
OMIM:618505,Stolerman neurodevelopmental syndrome,,HP:0000699,PMID:37196654,PCS,,1/1,,,P,ORCID:0000-0002-0736-9199[2025-11-09],2025-11-09
OMIM:618505,Stolerman neurodevelopmental syndrome,,HP:0000473,PMID:37196654;PMID:31124279,PCS,,3/3,,,P,ORCID:0000-0002-0736-9199[2025-11-09],2025-11-09
OMIM:618505,Stolerman neurodevelopmental syndrome,,HP:0001561,PMID:37196654,PCS,,1/1,,,P,ORCID:0000-0002-0736-9199[2025-11-09],2025-11-09
OMIM:618505,Stolerman neurodevelopmental syndrome,,HP:0002650,PMID:37196654;PMID:31124279,PCS,,4/8,,,P,ORCID:0000-0002-0736-9199[2025-11-09],2025-11-09
OMIM:618505,Stolerman neurodevelopmental syndrome,,HP:0004279,PMID:37196654,PCS,,3/3,,,P,ORCID:0000-0002-0736-9199[2025-11-09],2025-11-09
OMIM:618505,Stolerman neurodevelopmental syndrome,,HP:0001684,PMID:37196654,PCS,,1/49,,,P,ORCID:0000-0002-0736-9199[2025-11-09],2025-11-09
OMIM:618505,Stolerman neurodevelopmental syndrome,,HP:0002098,PMID:31124279,PCS,,1/1,,,P,ORCID:0000-0002-0736-9199[2025-11-09],2025-11-09
OMIM:618505,Stolerman neurodevelopmental syndrome,,HP:0002099,PMID:37196654,PCS,,2/2,,,P,ORCID:0000-0002-0736-9199[2025-11-09],2025-11-09
OMIM:618505,Stolerman neurodevelopmental syndrome,,HP:0005001,PMID:37196654,PCS,,1/1,,,P,ORCID:0000-0002-0736-9199[2025-11-09],2025-11-09
OMIM:618505,Stolerman neurodevelopmental syndrome,,HP:0002090,PMID:37196654,PCS,,2/2,,,P,ORCID:0000-0002-0736-9199[2025-11-09],2025-11-09
OMIM:618505,Stolerman neurodevelopmental syndrome,,HP:0012434,PMID:37196654,PCS,,1/21,,,P,ORCID:0000-0002-0736-9199[2025-11-09],2025-11-09
OMIM:618505,Stolerman neurodevelopmental syndrome,,HP:0011231,PMID:37196654,PCS,,1/1,,,P,ORCID:0000-0002-0736-9199[2025-11-09],2025-11-09
OMIM:618505,Stolerman neurodevelopmental syndrome,,HP:0001558,PMID:37196654,PCS,,1/1,,,P,ORCID:0000-0002-0736-9199[2025-11-09],2025-11-09
OMIM:618505,Stolerman neurodevelopmental syndrome,,HP:0000348,PMID:37196654,PCS,,3/3,,,P,ORCID:0000-0002-0736-9199[2025-11-09],2025-11-09
OMIM:618505,Stolerman neurodevelopmental syndrome,,HP:0000347,PMID:37196654,PCS,,1/1,,,P,ORCID:0000-0002-0736-9199[2025-11-09],2025-11-09
OMIM:618505,Stolerman neurodevelopmental syndrome,,HP:0002069,PMID:37196654,PCS,,1/9,,,P,ORCID:0000-0002-0736-9199[2025-11-09],2025-11-09
OMIM:618505,Stolerman neurodevelopmental syndrome,,HP:0002188,PMID:37196654,PCS,,1/1,,,P,ORCID:0000-0002-0736-9199[2025-11-09],2025-11-09
OMIM:618505,Stolerman neurodevelopmental syndrome,,HP:0001773,PMID:37196654,PCS,,2/2,,,P,ORCID:0000-0002-0736-9199[2025-11-09],2025-11-09
OMIM:618505,Stolerman neurodevelopmental syndrome,,HP:0000321,PMID:37196654,PCS,,3/3,,,P,ORCID:0000-0002-0736-9199[2025-11-09],2025-11-09
OMIM:618505,Stolerman neurodevelopmental syndrome,,HP:0002186,PMID:31124279,PCS,,1/1,,,P,ORCID:0000-0002-0736-9199[2025-11-09],2025-11-09
OMIM:618505,Stolerman neurodevelopmental syndrome,,HP:0032794,PMID:37196654,PCS,,1/10,,,P,ORCID:0000-0002-0736-9199[2025-11-09],2025-11-09
OMIM:618505,Stolerman neurodevelopmental syndrome,,HP:0004482,PMID:37196654,PCS,,2/2,,,P,ORCID:0000-0002-0736-9199[2025-11-09],2025-11-09
OMIM:618505,Stolerman neurodevelopmental syndrome,,HP:0410030,PMID:37196654,PCS,,0/56,,,P,ORCID:0000-0002-0736-9199[2025-11-09],2025-11-09
OMIM:618505,Stolerman neurodevelopmental syndrome,,HP:0410151,PMID:37196654,PCS,,1/1,,,P,ORCID:0000-0002-0736-9199[2025-11-09],2025-11-09
OMIM:618505,Stolerman neurodevelopmental syndrome,,HP:0000319,PMID:37196654,PCS,,1/1,,,P,ORCID:0000-0002-0736-9199[2025-11-09],2025-11-09
OMIM:618505,Stolerman neurodevelopmental syndrome,,HP:0011220,PMID:37196654;PMID:31124279,PCS,,17/24,,,P,ORCID:0000-0002-0736-9199[2025-11-09];HPO:skoehler[2019-09-07];HPO:probinson[2023-02-20],2025-11-09
OMIM:618505,Stolerman neurodevelopmental syndrome,,HP:0031473,PMID:37196654,PCS,,1/1,,,P,ORCID:0000-0002-0736-9199[2025-11-09],2025-11-09
OMIM:618505,Stolerman neurodevelopmental syndrome,,HP:0020046,PMID:31124279,PCS,,1/1,,,P,ORCID:0000-0002-0736-9199[2025-11-09],2025-11-09
OMIM:618505,Stolerman neurodevelopmental syndrome,,HP:0001647,PMID:37196654,PCS,,1/1,,,P,ORCID:0000-0002-0736-9199[2025-11-09],2025-11-09
OMIM:618505,Stolerman neurodevelopmental syndrome,,HP:0000316,PMID:37196654,PCS,,5/5,,,P,ORCID:0000-0002-0736-9199[2025-11-09],2025-11-09
OMIM:618505,Stolerman neurodevelopmental syndrome,,HP:0001769,PMID:37196654,PCS,,3/3,,,P,ORCID:0000-0002-0736-9199[2025-11-09],2025-11-09
OMIM:618505,Stolerman neurodevelopmental syndrome,,HP:0002857,PMID:37196654,PCS,,1/1,,,P,ORCID:0000-0002-0736-9199[2025-11-09],2025-11-09
OMIM:618505,Stolerman neurodevelopmental syndrome,,HP:0001643,PMID:37196654,PCS,,2/50,,,P,ORCID:0000-0002-0736-9199[2025-11-09],2025-11-09
OMIM:618505,Stolerman neurodevelopmental syndrome,,HP:0001763,PMID:37196654,PCS,,12/12,,,P,ORCID:0000-0002-0736-9199[2025-11-09],2025-11-09
OMIM:618505,Stolerman neurodevelopmental syndrome,,HP:0001642,PMID:37196654,PCS,,1/49,,,P,ORCID:0000-0002-0736-9199[2025-11-09],2025-11-09
OMIM:618505,Stolerman neurodevelopmental syndrome,,HP:0000691,PMID:37196654,PCS,,1/1,,,P,ORCID:0000-0002-0736-9199[2025-11-09],2025-11-09
OMIM:618505,Stolerman neurodevelopmental syndrome,,HP:0011567,PMID:37196654,PCS,,1/1,,,P,ORCID:0000-0002-0736-9199[2025-11-09],2025-11-09
OMIM:618505,Stolerman neurodevelopmental syndrome,,HP:0012412,PMID:37196654,PCS,,1/1,,,P,ORCID:0000-0002-0736-9199[2025-11-09],2025-11-09
OMIM:618505,Stolerman neurodevelopmental syndrome,,HP:4000079,PMID:37196654,PCS,,1/21,,,P,ORCID:0000-0002-0736-9199[2025-11-09],2025-11-09
OMIM:618505,Stolerman neurodevelopmental syndrome,,HP:0001653,PMID:31124279,PCS,,1/1,,,P,ORCID:0000-0002-0736-9199[2025-11-09],2025-11-09
OMIM:618505,Stolerman neurodevelopmental syndrome,,HP:0000322,PMID:31124279,PCS,,2/2,,,P,ORCID:0000-0002-0736-9199[2025-11-09],2025-11-09
OMIM:618505,Stolerman neurodevelopmental syndrome,,HP:0000325,PMID:31124279,PCS,,1/1,,,P,ORCID:0000-0002-0736-9199[2025-11-09],2025-11-09
OMIM:618505,Stolerman neurodevelopmental syndrome,,HP:0000445,PMID:37196654,PCS,,2/2,,,P,ORCID:0000-0002-0736-9199[2025-11-09],2025-11-09
OMIM:618505,Stolerman neurodevelopmental syndrome,,HP:0008947,PMID:31124279,PCS,,1/1,,,P,ORCID:0000-0002-0736-9199[2025-11-09],2025-11-09
OMIM:618505,Stolerman neurodevelopmental syndrome,,HP:0002045,PMID:37196654,PCS,,1/1,,,P,ORCID:0000-0002-0736-9199[2025-11-09],2025-11-09
OMIM:618505,Stolerman neurodevelopmental syndrome,,HP:0000540,PMID:37196654,PCS,,13/13,,,P,ORCID:0000-0002-0736-9199[2025-11-09],2025-11-09
OMIM:618505,Stolerman neurodevelopmental syndrome,,HP:0025161,PMID:37196654,PCS,,2/2,,,P,ORCID:0000-0002-0736-9199[2025-11-09],2025-11-09
OMIM:618505,Stolerman neurodevelopmental syndrome,,HP:0012531,PMID:37196654,PCS,,1/1,,,P,ORCID:0000-0002-0736-9199[2025-11-09],2025-11-09
OMIM:618505,Stolerman neurodevelopmental syndrome,,HP:0001629,PMID:37196654,PCS,,2/51,,,P,ORCID:0000-0002-0736-9199[2025-11-09],2025-11-09
OMIM:618505,Stolerman neurodevelopmental syndrome,,HP:0008278,PMID:37196654,PCS,,1/1,,,P,ORCID:0000-0002-0736-9199[2025-11-09],2025-11-09
OMIM:618505,Stolerman neurodevelopmental syndrome,,HP:0002835,PMID:31124279,PCS,,1/1,,,P,ORCID:0000-0002-0736-9199[2025-11-09],2025-11-09
OMIM:618505,Stolerman neurodevelopmental syndrome,,HP:0000411,PMID:37196654;PMID:31124279,PCS,,10/16,,,P,ORCID:0000-0002-0736-9199[2025-11-09],2025-11-09
OMIM:618505,Stolerman neurodevelopmental syndrome,,HP:0001741,PMID:37196654,PCS,,1/6,,,P,ORCID:0000-0002-0736-9199[2025-11-09],2025-11-09
OMIM:618505,Stolerman neurodevelopmental syndrome,,HP:0001623,PMID:37196654,PCS,,1/1,,,P,ORCID:0000-0002-0736-9199[2025-11-09],2025-11-09
OMIM:618505,Stolerman neurodevelopmental syndrome,,HP:0008936,PMID:31124279,PCS,,1/1,,,P,ORCID:0000-0002-0736-9199[2025-11-09],2025-11-09
OMIM:618505,Stolerman neurodevelopmental syndrome,,HP:0002059,PMID:37196654,PCS,,0/1,,,P,ORCID:0000-0002-0736-9199[2025-11-09],2025-11-09
OMIM:618505,Stolerman neurodevelopmental syndrome,,HP:0001883,PMID:37196654,PCS,,1/1,,,P,ORCID:0000-0002-0736-9199[2025-11-09],2025-11-09
OMIM:618505,Stolerman neurodevelopmental syndrome,,HP:0031936,PMID:37196654,PCS,,34/50,,,P,ORCID:0000-0002-0736-9199[2025-11-09],2025-11-09
OMIM:618505,Stolerman neurodevelopmental syndrome,,HP:0011300,PMID:37196654,PCS,,2/2,,,P,ORCID:0000-0002-0736-9199[2025-11-09],2025-11-09
OMIM:618505,Stolerman neurodevelopmental syndrome,,HP:0012510,PMID:37196654,PCS,,2/2,,,P,ORCID:0000-0002-0736-9199[2025-11-09],2025-11-09
OMIM:618505,Stolerman neurodevelopmental syndrome,,HP:0100759,PMID:37196654,PCS,,1/1,,,P,ORCID:0000-0002-0736-9199[2025-11-09],2025-11-09
OMIM:618505,Stolerman neurodevelopmental syndrome,,HP:0001518,PMID:37196654,PCS,,1/1,,,P,ORCID:0000-0002-0736-9199[2025-11-09],2025-11-09
OMIM:618505,Stolerman neurodevelopmental syndrome,,HP:0011670,PMID:31124279,PCS,,1/1,,,P,ORCID:0000-0002-0736-9199[2025-11-09],2025-11-09
OMIM:618505,Stolerman neurodevelopmental syndrome,,HP:0000668,PMID:37196654,PCS,,1/1,,,P,ORCID:0000-0002-0736-9199[2025-11-09],2025-11-09
OMIM:618505,Stolerman neurodevelopmental syndrome,,HP:0030051,PMID:37196654,PCS,,2/51,,,P,ORCID:0000-0002-0736-9199[2025-11-09],2025-11-09
OMIM:618505,Stolerman neurodevelopmental syndrome,,HP:0001511,PMID:37196654,PCS,,1/1,,,P,ORCID:0000-0002-0736-9199[2025-11-09],2025-11-09
OMIM:618505,Stolerman neurodevelopmental syndrome,,HP:0200055,PMID:37196654,PCS,,1/1,,,P,ORCID:0000-0002-0736-9199[2025-11-09],2025-11-09
OMIM:618505,Stolerman neurodevelopmental syndrome,,HP:0000664,PMID:37196654;PMID:31124279,PCS,,3/3,,,P,ORCID:0000-0002-0736-9199[2025-11-09],2025-11-09
OMIM:618505,Stolerman neurodevelopmental syndrome,,HP:0000666,PMID:37196654,PCS,,1/1,,,P,ORCID:0000-0002-0736-9199[2025-11-09],2025-11-09
OMIM:618505,Stolerman neurodevelopmental syndrome,,HP:0000545,PMID:37196654,PCS,,4/4,,,P,ORCID:0000-0002-0736-9199[2025-11-09],2025-11-09
OMIM:142900,Holt-Oram syndrome,,HP:0011939,PMID:10842287,PCS,,1/3,,,P,HPO:probinson[2024-07-22],2024-07-22
OMIM:142900,Holt-Oram syndrome,,HP:0000882,PMID:17534187;PMID:12789647,PCS,,2/2,,,P,ORCID:0000-0002-0736-9199[2024-04-01],2024-04-01
OMIM:142900,Holt-Oram syndrome,,HP:0005773,PMID:16917909,PCS,,1/1,,,P,ORCID:0000-0002-0736-9199[2024-04-01],2024-04-01
OMIM:142900,Holt-Oram syndrome,,HP:0031546,PMID:10077612,PCS,,14/36,,,P,ORCID:0000-0002-0736-9199[2024-07-20],2024-07-20
OMIM:142900,Holt-Oram syndrome,,HP:0010567,PMID:18706711,PCS,,3/3,,,P,ORCID:0000-0002-0736-9199[2024-07-20],2024-07-20
OMIM:142900,Holt-Oram syndrome,,HP:0009460,PMID:10842287,PCS,,1/1,,,P,ORCID:0000-0002-0736-9199[2024-04-01],2024-04-01
OMIM:142900,Holt-Oram syndrome,,HP:0000914,PMID:18706711,PCS,,3/3,,,P,ORCID:0000-0002-0736-9199[2024-07-20],2024-07-20
OMIM:142900,Holt-Oram syndrome,,HP:0009623,PMID:17534187;PMID:18351627,PCS,,3/3,,,P,ORCID:0000-0002-0736-9199[2024-04-01],2024-04-01
OMIM:142900,Holt-Oram syndrome,,HP:0000878,PMID:17534187;PMID:20519243,PCS,,2/2,,,P,ORCID:0000-0002-0736-9199[2024-04-01],2024-04-01
OMIM:142900,Holt-Oram syndrome,,HP:0009622,PMID:22190901,PCS,,1/1,,,P,ORCID:0000-0002-0736-9199[2024-04-01],2024-04-01
OMIM:142900,Holt-Oram syndrome,,HP:0200021,PMID:20519243,PCS,,1/1,,,P,ORCID:0000-0002-0736-9199[2024-04-01],2024-04-01
OMIM:142900,Holt-Oram syndrome,,HP:0001688,PMID:22190901;PMID:25216260;PMID:29755943,PCS,,3/3,,,P,ORCID:0000-0002-0736-9199[2024-04-01],2024-04-01
OMIM:142900,Holt-Oram syndrome,,HP:0004058,PMID:20519243,PCS,,1/1,,,P,ORCID:0000-0002-0736-9199[2024-04-01],2024-04-01
OMIM:142900,Holt-Oram syndrome,,HP:0005301,PMID:10077612;PMID:34490705;PMID:20519243;PMID:36444245,PCS,,4/39,,,P,ORCID:0000-0002-0736-9199[2024-07-20];ORCID:0000-0002-0736-9199[2024-04-01],2024-07-20
OMIM:142900,Holt-Oram syndrome,,HP:0003363,PMID:12789647,PCS,,1/1,,,P,ORCID:0000-0002-0736-9199[2024-04-01],2024-04-01
OMIM:142900,Holt-Oram syndrome,,HP:0011643,PMID:25216260;PMID:15710732;PMID:24408148;PMID:27026770;PMID:18351627;PMID:27652283;PMID:26401820;PMID:29755943;PMID:26219450;PMID:16917909;PMID:10842287;PMID:10077612;PMID:17534187;PMID:34490705;PMID:30538526;PMID:18706711;PMID:20519243;PMID:33866394;PMID:22190901;PMID:12789647;PMID:12818525;PMID:18828908;PMID:27552067;PMID:36444245;PMID:28434921,PCS,,1/153,,,P,ORCID:0000-0002-0736-9199[2024-07-20],2024-07-20
OMIM:142900,Holt-Oram syndrome,,HP:0010035,PMID:34490705;PMID:16917909;PMID:18351627,PCS,,3/3,,,P,ORCID:0000-0002-0736-9199[2024-04-01],2024-04-01
OMIM:142900,Holt-Oram syndrome,,HP:0100379,PMID:18351627,PCS,,1/1,,,P,ORCID:0000-0002-0736-9199[2024-04-01],2024-04-01
OMIM:142900,Holt-Oram syndrome,,HP:0000767,PMID:22190901;PMID:24408148;PMID:18706711;PMID:8730285,PCS,,24/61,,,P,ORCID:0000-0002-0736-9199[2024-07-20];HPO:iea[2018-03-13];ORCID:0000-0002-0736-9199[2024-04-01],2024-07-20
OMIM:142900,Holt-Oram syndrome,,HP:0009577,PMID:18351627,PCS,,1/1,,,P,ORCID:0000-0002-0736-9199[2024-04-01],2024-04-01
OMIM:142900,Holt-Oram syndrome,,HP:0004209,PMID:12789647;PMID:18351627,PCS,,2/2,,,P,ORCID:0000-0002-0736-9199[2024-04-01],2024-04-01
OMIM:142900,Holt-Oram syndrome,,HP:0004602,PMID:12789647,PCS,,1/1,,,P,ORCID:0000-0002-0736-9199[2024-04-01],2024-04-01
OMIM:142900,Holt-Oram syndrome,,HP:0010704,PMID:12789647;PMID:34490705;PMID:27552067;PMID:33866394,PCS,,5/5,,,P,ORCID:0000-0002-0736-9199[2024-07-20];ORCID:0000-0002-0736-9199[2024-04-01],2024-07-20
OMIM:142900,Holt-Oram syndrome,,HP:0001674,PMID:17534187;PMID:34490705;PMID:25216260;PMID:15710732;PMID:30538526;PMID:24408148;PMID:20519243;PMID:27026770;PMID:33866394;PMID:18351627;PMID:22190901;PMID:12789647;PMID:12818525;PMID:18828908;PMID:26401820;PMID:29755943;PMID:26219450;PMID:28434921;PMID:16917909;PMID:10842287,PCS,,9/103,,,P,ORCID:0000-0002-0736-9199[2024-07-20];ORCID:0000-0002-0736-9199[2024-04-01],2024-07-20
OMIM:142900,Holt-Oram syndrome,,HP:0000343,PMID:18828908,PCS,,1/1,,,P,ORCID:0000-0002-0736-9199[2024-04-01],2024-04-01
OMIM:142900,Holt-Oram syndrome,,HP:0000185,PMID:26219450,PCS,,2/2,,,P,ORCID:0000-0002-0736-9199[2024-07-20],2024-07-20
OMIM:142900,Holt-Oram syndrome,,HP:0100398,PMID:18351627,PCS,,1/1,,,P,ORCID:0000-0002-0736-9199[2024-04-01],2024-04-01
OMIM:142900,Holt-Oram syndrome,,HP:0011636,PMID:16917909,PCS,,1/1,,,P,ORCID:0000-0002-0736-9199[2024-04-01],2024-04-01
OMIM:142900,Holt-Oram syndrome,,HP:0011995,PMID:18706711,PCS,,4/4,,,P,ORCID:0000-0002-0736-9199[2024-07-20],2024-07-20
OMIM:142900,Holt-Oram syndrome,,HP:0001709,PMID:33866394,PCS,,1/1,,,P,ORCID:0000-0002-0736-9199[2024-07-20],2024-07-20
OMIM:142900,Holt-Oram syndrome,,HP:0010034,PMID:18351627,PCS,,1/1,,,P,ORCID:0000-0002-0736-9199[2024-04-01],2024-04-01
OMIM:142900,Holt-Oram syndrome,,HP:0030241,PMID:12818525,PCS,,6/6,,,P,ORCID:0000-0002-0736-9199[2024-04-01],2024-04-01
OMIM:142900,Holt-Oram syndrome,,HP:0001704,PMID:16917909,PCS,,1/1,,,P,ORCID:0000-0002-0736-9199[2024-04-01],2024-04-01
OMIM:142900,Holt-Oram syndrome,,HP:0000218,PMID:18706711,PCS,,3/3,,,P,ORCID:0000-0002-0736-9199[2024-07-20],2024-07-20
OMIM:142900,Holt-Oram syndrome,,HP:0001684,PMID:17534187;PMID:34490705;PMID:25216260;PMID:15710732;PMID:30538526;PMID:24408148;PMID:20519243;PMID:18706711;PMID:27026770;PMID:33866394;PMID:18351627;PMID:12789647;PMID:27652283;PMID:27552067;PMID:26401820;PMID:8730285;PMID:36444245;PMID:29755943;PMID:26219450;PMID:28434921;PMID:16917909,PCS,,47/130,,,P,ORCID:0000-0002-0736-9199[2024-07-20];HPO:iea[2018-03-13];ORCID:0000-0002-0736-9199[2024-04-01],2024-07-20
OMIM:142900,Holt-Oram syndrome,,HP:0001162,PMID:18706711,PCS,,3/4,,,P,ORCID:0000-0002-0736-9199[2024-07-20],2024-07-20
OMIM:142900,Holt-Oram syndrome,,HP:0000470,PMID:18706711,PCS,,3/3,,,P,ORCID:0000-0002-0736-9199[2024-07-20],2024-07-20
OMIM:142900,Holt-Oram syndrome,,HP:0002092,PMID:12789647;PMID:34490705;PMID:25216260;PMID:30538526;PMID:18706711;PMID:28434921;PMID:33866394;PMID:16917909,PCS,,8/16,,,P,ORCID:0000-0002-0736-9199[2024-07-20];ORCID:0000-0002-0736-9199[2024-04-01],2024-07-20
OMIM:142900,Holt-Oram syndrome,,HP:0011623,PMID:17534187;PMID:34490705;PMID:25216260;PMID:30538526;PMID:20519243;PMID:27026770;PMID:33866394;PMID:18351627;PMID:12789647;PMID:12818525;PMID:18828908;PMID:29755943;PMID:28434921;PMID:16917909;PMID:10842287,PCS,,14/80,,,P,ORCID:0000-0002-0736-9199[2024-07-20];ORCID:0000-0002-0736-9199[2024-04-01],2024-07-20
OMIM:142900,Holt-Oram syndrome,,HP:0001719,PMID:12789647,PCS,,1/1,,,P,ORCID:0000-0002-0736-9199[2024-04-01],2024-04-01
OMIM:142900,Holt-Oram syndrome,,HP:0003974,PMID:17534187;PMID:34490705;PMID:25216260;PMID:15710732;PMID:20519243;PMID:27026770;PMID:33866394;PMID:12789647;PMID:27652283;PMID:8730285;PMID:36444245;PMID:28434921;PMID:26219450;PMID:16917909,PCS,,28/123,,,P,ORCID:0000-0002-0736-9199[2024-07-20];HPO:iea[2018-03-13];ORCID:0000-0002-0736-9199[2024-04-01],2024-07-20
OMIM:142900,Holt-Oram syndrome,,HP:0000347,PMID:18828908;PMID:26219450,PCS,,2/2,,,P,ORCID:0000-0002-0736-9199[2024-04-01],2024-04-01
OMIM:142900,Holt-Oram syndrome,,HP:0001377,PMID:8730285;PMID:33866394,PCS,,30/56,,,P,ORCID:0000-0002-0736-9199[2024-07-20];HPO:iea[2018-03-13],2024-07-20
OMIM:142900,Holt-Oram syndrome,,HP:0004762,PMID:20519243,PCS,,1/1,,,P,ORCID:0000-0002-0736-9199[2024-04-01],2024-04-01
OMIM:142900,Holt-Oram syndrome,,HP:0003031,PMID:10842287,PCS,,1/1,,,P,ORCID:0000-0002-0736-9199[2024-04-01],2024-04-01
OMIM:142900,Holt-Oram syndrome,,HP:0010487,PMID:12789647,PCS,,2/2,,,P,ORCID:0000-0002-0736-9199[2024-04-01],2024-04-01
OMIM:142900,Holt-Oram syndrome,,HP:0006394,PMID:16917909,PCS,,5/5,,,P,ORCID:0000-0002-0736-9199[2024-04-01],2024-04-01
OMIM:142900,Holt-Oram syndrome,,HP:0000954,PMID:22190901,PCS,,1/1,,,P,ORCID:0000-0002-0736-9199[2024-04-01],2024-04-01
OMIM:142900,Holt-Oram syndrome,,HP:0006156,PMID:12789647,PCS,,1/1,,,P,ORCID:0000-0002-0736-9199[2024-04-01],2024-04-01
OMIM:142900,Holt-Oram syndrome,,HP:0001643,PMID:22190901;PMID:10077612;PMID:34490705;PMID:25216260;PMID:27552067;PMID:8730285;PMID:16917909,PCS,,9/53,,,P,ORCID:0000-0002-0736-9199[2024-07-20];HPO:iea[2009-02-17];ORCID:0000-0002-0736-9199[2024-04-01],2024-07-20
OMIM:142900,Holt-Oram syndrome,,HP:0001642,PMID:17534187,PCS,,1/1,,,P,ORCID:0000-0002-0736-9199[2024-04-01],2024-04-01
OMIM:142900,Holt-Oram syndrome,,HP:0004756,PMID:20519243,PCS,,1/1,,,P,ORCID:0000-0002-0736-9199[2024-04-01],2024-04-01
OMIM:142900,Holt-Oram syndrome,,HP:0002974,PMID:12789647,PCS,,1/1,,,P,ORCID:0000-0002-0736-9199[2024-04-01],2024-04-01
OMIM:142900,Holt-Oram syndrome,,HP:0009824,PMID:18706711,PCS,,3/3,,,P,ORCID:0000-0002-0736-9199[2024-07-20],2024-07-20
OMIM:142900,Holt-Oram syndrome,,HP:0003042,PMID:24408148,PCS,,1/1,,,P,ORCID:0000-0002-0736-9199[2024-04-01],2024-04-01
OMIM:142900,Holt-Oram syndrome,,HP:0011567,PMID:22190901,PCS,,1/1,,,P,ORCID:0000-0002-0736-9199[2024-04-01],2024-04-01
OMIM:142900,Holt-Oram syndrome,,HP:0011565,PMID:25216260;PMID:15710732;PMID:24408148;PMID:27026770;PMID:18351627;PMID:27652283;PMID:26401820;PMID:29755943;PMID:26219450;PMID:16917909;PMID:10842287;PMID:17534187;PMID:10077612;PMID:34490705;PMID:30538526;PMID:18706711;PMID:20519243;PMID:33866394;PMID:22190901;PMID:12789647;PMID:12818525;PMID:18828908;PMID:27552067;PMID:36444245;PMID:28434921,PCS,,1/153,,,P,ORCID:0000-0002-0736-9199[2024-07-20],2024-07-20
OMIM:142900,Holt-Oram syndrome,,HP:0005180,PMID:34490705;PMID:27652283;PMID:26219450,PCS,,5/5,,,P,ORCID:0000-0002-0736-9199[2024-07-20];ORCID:0000-0002-0736-9199[2024-04-01],2024-07-20
OMIM:142900,Holt-Oram syndrome,,HP:0009777,PMID:17534187;PMID:10077612;PMID:34490705;PMID:25216260;PMID:15710732;PMID:30538526;PMID:24408148;PMID:20519243;PMID:18706711;PMID:27026770;PMID:33866394;PMID:18351627;PMID:12789647;PMID:12818525;PMID:27652283;PMID:26401820;PMID:8730285;PMID:36444245;PMID:29755943;PMID:28434921;PMID:26219450;PMID:16917909;PMID:10842287,PCS,,59/186,,,P,ORCID:0000-0002-0736-9199[2024-07-20];HPO:iea[2009-02-17];ORCID:0000-0002-0736-9199[2024-04-01],2024-07-20
OMIM:142900,Holt-Oram syndrome,,HP:0009535,PMID:12789647,PCS,,1/1,,,P,ORCID:0000-0002-0736-9199[2024-04-01],2024-04-01
OMIM:142900,Holt-Oram syndrome,,HP:0009812,PMID:10077612;PMID:17534187;PMID:15710732;PMID:34490705;PMID:25216260;PMID:30538526;PMID:24408148;PMID:20519243;PMID:18706711;PMID:27026770;PMID:33866394;PMID:18351627;PMID:22190901;PMID:12789647;PMID:12818525;PMID:27652283;PMID:18828908;PMID:27552067;PMID:26401820;PMID:29755943;PMID:28434921;PMID:26219450;PMID:10842287;PMID:16917909,PCS,,1/151,,,P,ORCID:0000-0002-0736-9199[2024-07-20],2024-07-20
OMIM:142900,Holt-Oram syndrome,,HP:0002986,PMID:10842287,PCS,,1/1,,,P,ORCID:0000-0002-0736-9199[2024-04-01],2024-04-01
OMIM:142900,Holt-Oram syndrome,,HP:0001653,PMID:17534187;PMID:16917909,PCS,,4/4,,,P,ORCID:0000-0002-0736-9199[2024-04-01],2024-04-01
OMIM:142900,Holt-Oram syndrome,,HP:0000960,PMID:22190901,PCS,,1/1,,,P,ORCID:0000-0002-0736-9199[2024-04-01],2024-04-01
OMIM:142900,Holt-Oram syndrome,,HP:0009778,PMID:17534187;PMID:10077612;PMID:34490705;PMID:25216260;PMID:15710732;PMID:30538526;PMID:24408148;PMID:20519243;PMID:18706711;PMID:27026770;PMID:33866394;PMID:18351627;PMID:12789647;PMID:12818525;PMID:27652283;PMID:26401820;PMID:29755943;PMID:26219450;PMID:28434921;PMID:16917909;PMID:10842287,PCS,,32/98,,,P,ORCID:0000-0002-0736-9199[2024-07-20];ORCID:0000-0002-0736-9199[2024-04-01],2024-07-20
OMIM:142900,Holt-Oram syndrome,,HP:0003834,PMID:33866394,PCS,,1/1,,,P,ORCID:0000-0002-0736-9199[2024-07-20],2024-07-20
OMIM:142900,Holt-Oram syndrome,,HP:0002984,OMIM:142900;PMID:17534187;PMID:10077612;PMID:34490705;PMID:30538526;PMID:18706711;PMID:27026770;PMID:33866394;PMID:12789647;PMID:12818525;PMID:27552067;PMID:26219450;PMID:16917909,PCS,,64/144,,,P,ORCID:0000-0002-0736-9199[2024-07-20];HPO:iea[2009-02-17];ORCID:0000-0002-0736-9199[2024-04-01],2024-07-20
OMIM:142900,Holt-Oram syndrome,,HP:0001655,PMID:17534187;PMID:34490705;PMID:25216260;PMID:15710732;PMID:24408148;PMID:20519243;PMID:27026770;PMID:33866394;PMID:18351627;PMID:22190901;PMID:12789647;PMID:12818525;PMID:27652283;PMID:18828908;PMID:26401820;PMID:29755943;PMID:26219450;PMID:28434921;PMID:16917909;PMID:10842287,PCS,,4/103,,,P,ORCID:0000-0002-0736-9199[2024-07-20];ORCID:0000-0002-0736-9199[2024-04-01],2024-07-20
OMIM:142900,Holt-Oram syndrome,,HP:0009813,PMID:17534187;PMID:10077612;PMID:34490705;PMID:15710732;PMID:25216260;PMID:30538526;PMID:24408148;PMID:20519243;PMID:18706711;PMID:27026770;PMID:33866394;PMID:18351627;PMID:22190901;PMID:12789647;PMID:12818525;PMID:27652283;PMID:18828908;PMID:27552067;PMID:26401820;PMID:29755943;PMID:28434921;PMID:26219450;PMID:10842287;PMID:16917909,PCS,,10/153,,,P,ORCID:0000-0002-0736-9199[2024-07-20];ORCID:0000-0002-0736-9199[2024-04-01],2024-07-20
OMIM:142900,Holt-Oram syndrome,,HP:0001199,PMID:17534187;PMID:10077612;PMID:34490705;PMID:25216260;PMID:15710732;PMID:24408148;PMID:20519243;PMID:18706711;PMID:27026770;PMID:33866394;PMID:18351627;PMID:22190901;PMID:12789647;PMID:12818525;PMID:27652283;PMID:27552067;PMID:26401820;PMID:8730285;PMID:29755943;PMID:28434921;PMID:26219450;PMID:16917909;PMID:10842287,PCS,,46/186,,,P,ORCID:0000-0002-0736-9199[2024-07-20];HPO:iea[2009-02-17];ORCID:0000-0002-0736-9199[2024-04-01],2024-07-20
OMIM:142900,Holt-Oram syndrome,,HP:0001233,PMID:33866394,PCS,,1/1,,,P,ORCID:0000-0002-0736-9199[2024-07-20],2024-07-20
OMIM:142900,Holt-Oram syndrome,,HP:0004220,PMID:17534187;PMID:18351627,PCS,,2/2,,,P,ORCID:0000-0002-0736-9199[2024-04-01],2024-04-01
OMIM:142900,Holt-Oram syndrome,,HP:0005792,PMID:17534187;PMID:12789647;PMID:34490705;PMID:15710732;PMID:27652283;PMID:30538526;PMID:27552067;PMID:18706711;PMID:8730285;PMID:33866394;PMID:16917909,PCS,,40/85,,,P,ORCID:0000-0002-0736-9199[2024-07-20];HPO:iea[2018-03-13];ORCID:0000-0002-0736-9199[2024-04-01],2024-07-20
OMIM:142900,Holt-Oram syndrome,,HP:0001191,OMIM:142900;PMID:10077612;PMID:27026770,PCS,,40/42,,,P,ORCID:0000-0002-0736-9199[2024-07-20];HPO:iea[2009-02-17],2024-07-20
OMIM:142900,Holt-Oram syndrome,,HP:0030718,PMID:18706711,PCS,,4/4,,,P,ORCID:0000-0002-0736-9199[2024-07-20],2024-07-20
OMIM:142900,Holt-Oram syndrome,,HP:0001629,PMID:17534187;PMID:10077612;PMID:34490705;PMID:15710732;PMID:24408148;PMID:20519243;PMID:18706711;PMID:27026770;PMID:22190901;PMID:12789647;PMID:27652283;PMID:27552067;PMID:26401820;PMID:8730285;PMID:36444245;PMID:26219450;PMID:16917909,PCS,,56/125,,,P,ORCID:0000-0002-0736-9199[2024-07-20];HPO:iea[2009-02-17];ORCID:0000-0002-0736-9199[2024-04-01],2024-07-20
OMIM:142900,Holt-Oram syndrome,,HP:0011682,PMID:17534187;PMID:34490705;PMID:25216260;PMID:30538526;PMID:20519243;PMID:27026770;PMID:33866394;PMID:18351627;PMID:12789647;PMID:12818525;PMID:18828908;PMID:29755943;PMID:28434921;PMID:16917909;PMID:10842287,PCS,,9/80,,,P,ORCID:0000-0002-0736-9199[2024-07-20];ORCID:0000-0002-0736-9199[2024-04-01],2024-07-20
OMIM:142900,Holt-Oram syndrome,,HP:0009486,PMID:26219450,PCS,,1/1,,,P,ORCID:0000-0002-0736-9199[2024-07-20],2024-07-20
OMIM:142900,Holt-Oram syndrome,,HP:0000774,PMID:12789647,PCS,,1/1,,,P,ORCID:0000-0002-0736-9199[2024-04-01],2024-04-01
OMIM:142900,Holt-Oram syndrome,,HP:0011709,PMID:16917909,PCS,,1/1,,,P,ORCID:0000-0002-0736-9199[2024-04-01],2024-04-01
OMIM:142900,Holt-Oram syndrome,,HP:0003022,PMID:12789647;PMID:34490705;PMID:30538526;PMID:8730285;PMID:33866394,PCS,,25/82,,,P,ORCID:0000-0002-0736-9199[2024-07-20];HPO:iea[2018-03-13];ORCID:0000-0002-0736-9199[2024-04-01],2024-07-20
OMIM:142900,Holt-Oram syndrome,,HP:0011705,PMID:22190901;PMID:16917909,PCS,,2/2,,,P,ORCID:0000-0002-0736-9199[2024-04-01],2024-04-01
OMIM:142900,Holt-Oram syndrome,,HP:0031134,PMID:34490705,PCS,,1/1,,,P,ORCID:0000-0002-0736-9199[2024-04-01],2024-04-01
OMIM:142900,Holt-Oram syndrome,,HP:0011664,PMID:34490705;PMID:26401820;PMID:29755943;PMID:10842287,PCS,,2/12,,,P,ORCID:0000-0002-0736-9199[2024-04-01],2024-04-01
OMIM:142900,Holt-Oram syndrome,,HP:0000268,PMID:22190901,PCS,,1/1,,,P,ORCID:0000-0002-0736-9199[2024-04-01],2024-04-01
OMIM:142900,Holt-Oram syndrome,,HP:0001631,PMID:17534187;PMID:10077612;PMID:12789647;PMID:25216260;PMID:12818525;PMID:18828908;PMID:20519243;PMID:29755943;PMID:33866394;PMID:16917909;PMID:10842287,PCS,,50/52,,,P,ORCID:0000-0002-0736-9199[2024-07-20];ORCID:0000-0002-0736-9199[2024-04-01],2024-07-20
OMIM:142900,Holt-Oram syndrome,,HP:0001634,PMID:16917909;PMID:18351627,PCS,,2/2,,,P,ORCID:0000-0002-0736-9199[2024-04-01],2024-04-01
OMIM:615829,Xia-Gibbs syndrome,,HP:0002421,PMID:29230160,PCS,,1/1,,,P,ORCID:0000-0002-0736-9199[2025-03-05],2025-03-05
OMIM:615829,Xia-Gibbs syndrome,,HP:0005656,PMID:24791903,PCS,,1/4,,,P,ORCID:0000-0002-0736-9199[2025-03-05],2025-03-05
OMIM:615829,Xia-Gibbs syndrome,,HP:0000483,PMID:35716097;PMID:30729726,PCS,,2/2,,,P,ORCID:0000-0002-0736-9199[2025-03-05],2025-03-05
OMIM:615829,Xia-Gibbs syndrome,,HP:0000365,PMID:35716097;PMID:31182893;PMID:30152016,PCS,,3/8,,,P,ORCID:0000-0002-0736-9199[2025-03-05],2025-03-05
OMIM:615829,Xia-Gibbs syndrome,,HP:0001212,PMID:24791903,PCS,,1/4,,,P,ORCID:0000-0002-0736-9199[2025-03-05],2025-03-05
OMIM:615829,Xia-Gibbs syndrome,,HP:0000486,PMID:35716097;PMID:27148574;PMID:34950897;PMID:29696776;PMID:30152016;PMID:39359946;PMID:33372375,PCS,,11/25,,,P,ORCID:0000-0002-0736-9199[2025-03-05],2025-03-05
OMIM:615829,Xia-Gibbs syndrome,,HP:0001057,PMID:35716097;PMID:30152016,PCS,,3/15,,,P,ORCID:0000-0002-0736-9199[2025-03-05],2025-03-05
OMIM:615829,Xia-Gibbs syndrome,,HP:0004443,PMID:38357260,PCS,,1/1,,,P,ORCID:0000-0002-0736-9199[2025-03-05],2025-03-05
OMIM:615829,Xia-Gibbs syndrome,,HP:0004322,PMID:35716097;PMID:38357260;PMID:27148574;PMID:30622101;PMID:34950897;PMID:30152016;PMID:29696776;PMID:34073322;PMID:39359946;PMID:30729726;PMID:33372375,PCS,,18/43,,,P,ORCID:0000-0002-0736-9199[2025-03-05],2025-03-05
OMIM:615829,Xia-Gibbs syndrome,,HP:0004442,PMID:27148574;PMID:29230160;PMID:31182893,PCS,,1/9,,,P,ORCID:0000-0002-0736-9199[2025-03-05],2025-03-05
OMIM:615829,Xia-Gibbs syndrome,,HP:0002781,PMID:30152016,PCS,,3/3,,,P,ORCID:0000-0002-0736-9199[2025-03-05],2025-03-05
OMIM:615829,Xia-Gibbs syndrome,,HP:0004440,PMID:31182893,PCS,,1/1,,,P,ORCID:0000-0002-0736-9199[2025-03-05],2025-03-05
OMIM:615829,Xia-Gibbs syndrome,,HP:6000995,PMID:27148574,PCS,,1/7,,,P,ORCID:0000-0002-0736-9199[2025-03-05],2025-03-05
OMIM:615829,Xia-Gibbs syndrome,,HP:0033725,PMID:27148574;PMID:34229113;PMID:29696776;PMID:30152016;PMID:34073322;PMID:39359946;PMID:24791903;PMID:33372375,PCS,,12/17,,,P,ORCID:0000-0002-0736-9199[2025-03-05],2025-03-05
OMIM:615829,Xia-Gibbs syndrome,,HP:0000639,PMID:27148574,PCS,,3/3,,,P,ORCID:0000-0002-0736-9199[2025-03-05],2025-03-05
OMIM:615829,Xia-Gibbs syndrome,,HP:0000914,PMID:24791903,PCS,,1/4,,,P,ORCID:0000-0002-0736-9199[2025-03-05],2025-03-05
OMIM:615829,Xia-Gibbs syndrome,,HP:0002938,PMID:30152016,PCS,,1/5,,,P,ORCID:0000-0002-0736-9199[2025-03-05],2025-03-05
OMIM:615829,Xia-Gibbs syndrome,,HP:0000637,PMID:30622101;PMID:34950897;PMID:30729726;PMID:32256298,PCS,,1/11,,,P,ORCID:0000-0002-0736-9199[2025-03-05],2025-03-05
OMIM:615829,Xia-Gibbs syndrome,,HP:0002416,PMID:27148574,PCS,,1/7,,,P,ORCID:0000-0002-0736-9199[2025-03-05],2025-03-05
OMIM:615829,Xia-Gibbs syndrome,,HP:0002779,PMID:29230160;PMID:24791903,PCS,,1/5,,,P,ORCID:0000-0002-0736-9199[2025-03-05],2025-03-05
OMIM:615829,Xia-Gibbs syndrome,,HP:0000752,PMID:33372375,PCS,,1/1,,,P,ORCID:0000-0002-0736-9199[2025-03-05],2025-03-05
OMIM:615829,Xia-Gibbs syndrome,,HP:0000234,PMID:30152016,PCS,,1/1,,,P,ORCID:0000-0002-0736-9199[2025-03-05],2025-03-05
OMIM:615829,Xia-Gibbs syndrome,,HP:0002019,PMID:24791903,PCS,,1/1,,,P,ORCID:0000-0002-0736-9199[2025-03-05],2025-03-05
OMIM:615829,Xia-Gibbs syndrome,,HP:0003763,PMID:38357260;PMID:24791903,PCS,,1/5,,,P,ORCID:0000-0002-0736-9199[2025-03-05],2025-03-05
OMIM:615829,Xia-Gibbs syndrome,,HP:0000252,PMID:38357260;PMID:34950897;PMID:33372375,PCS,,4/10,,,P,ORCID:0000-0002-0736-9199[2025-03-05],2025-03-05
OMIM:615829,Xia-Gibbs syndrome,,HP:0001344,PMID:35716097;PMID:38357260;PMID:27148574;PMID:30622101;PMID:34229113;PMID:29696776;PMID:30152016;PMID:32256298;PMID:24791903,PCS,,12/34,,,P,ORCID:0000-0002-0736-9199[2025-03-05],2025-03-05
OMIM:615829,Xia-Gibbs syndrome,,HP:5201016,PMID:34229113,PCS,,1/4,,,P,ORCID:0000-0002-0736-9199[2025-03-05],2025-03-05
OMIM:615829,Xia-Gibbs syndrome,,HP:0003487,PMID:38357260,PCS,,1/1,,,P,ORCID:0000-0002-0736-9199[2025-03-05],2025-03-05
OMIM:615829,Xia-Gibbs syndrome,,HP:0000490,PMID:34229113;PMID:34950897;PMID:29696776;PMID:30152016;PMID:32256298;PMID:30729726,PCS,,6/29,,,P,ORCID:0000-0002-0736-9199[2025-03-05],2025-03-05
OMIM:615829,Xia-Gibbs syndrome,,HP:0100021,PMID:38357260;PMID:36157999;PMID:27148574;PMID:30622101;PMID:34950897;PMID:30152016;PMID:34073322;PMID:39359946;PMID:30729726;PMID:35716097;PMID:31182893;PMID:29230160;PMID:34229113;PMID:29696776;PMID:32256298;PMID:33372375;PMID:24791903,PCS,,1/65,,,P,ORCID:0000-0002-0736-9199[2025-03-05],2025-03-05
OMIM:615829,Xia-Gibbs syndrome,,HP:0033454,PMID:24791903,PCS,,1/1,,,P,ORCID:0000-0002-0736-9199[2025-03-05],2025-03-05
OMIM:615829,Xia-Gibbs syndrome,,HP:0010674,PMID:30152016,PCS,,1/1,,,P,ORCID:0000-0002-0736-9199[2025-03-05],2025-03-05
OMIM:615829,Xia-Gibbs syndrome,,HP:0001182,PMID:38357260;PMID:39359946;PMID:24791903,PCS,,4/5,,,P,ORCID:0000-0002-0736-9199[2025-03-05],2025-03-05
OMIM:615829,Xia-Gibbs syndrome,,HP:0000646,PMID:30729726,PCS,,1/1,,,P,ORCID:0000-0002-0736-9199[2025-03-05],2025-03-05
OMIM:615829,Xia-Gibbs syndrome,,HP:0000767,PMID:35716097;PMID:39359946,PCS,,2/3,,,P,ORCID:0000-0002-0736-9199[2025-03-05],2025-03-05
OMIM:615829,Xia-Gibbs syndrome,,HP:0004209,PMID:35716097;PMID:34950897;PMID:30152016,PCS,,3/12,,,P,ORCID:0000-0002-0736-9199[2025-03-05],2025-03-05
OMIM:615829,Xia-Gibbs syndrome,,HP:0000520,PMID:36157999;PMID:31182893;PMID:30152016;PMID:30729726;PMID:32256298,PCS,,4/14,,,P,ORCID:0000-0002-0736-9199[2025-03-05],2025-03-05
OMIM:615829,Xia-Gibbs syndrome,,HP:0000248,PMID:36157999;PMID:34950897;PMID:31182893;PMID:39359946;PMID:32256298,PCS,,3/13,,,P,ORCID:0000-0002-0736-9199[2025-03-05],2025-03-05
OMIM:615829,Xia-Gibbs syndrome,,HP:0001336,PMID:32256298,PCS,,1/1,,,P,ORCID:0000-0002-0736-9199[2025-03-05],2025-03-05
OMIM:615829,Xia-Gibbs syndrome,,HP:0001276,PMID:31182893;PMID:30152016,PCS,,6/11,,,P,ORCID:0000-0002-0736-9199[2025-03-05],2025-03-05
OMIM:615829,Xia-Gibbs syndrome,,HP:0000341,PMID:38357260;PMID:36157999;PMID:31182893;PMID:30152016;PMID:39359946;PMID:32256298,PCS,,2/16,,,P,ORCID:0000-0002-0736-9199[2025-03-05],2025-03-05
OMIM:615829,Xia-Gibbs syndrome,,HP:0000343,PMID:35716097;PMID:38357260;PMID:36157999;PMID:31182893;PMID:30152016;PMID:39359946;PMID:32256298;PMID:30729726,PCS,,6/14,,,P,ORCID:0000-0002-0736-9199[2025-03-05],2025-03-05
OMIM:615829,Xia-Gibbs syndrome,,HP:0000463,PMID:35716097;PMID:29230160;PMID:34229113;PMID:39359946;PMID:32256298;PMID:30729726;PMID:24791903,PCS,,5/13,,,P,ORCID:0000-0002-0736-9199[2025-03-05],2025-03-05
OMIM:615829,Xia-Gibbs syndrome,,HP:0001156,PMID:30729726,PCS,,2/2,,,P,ORCID:0000-0002-0736-9199[2025-03-05],2025-03-05
OMIM:615829,Xia-Gibbs syndrome,,HP:0002365,PMID:27148574,PCS,,1/7,,,P,ORCID:0000-0002-0736-9199[2025-03-05],2025-03-05
OMIM:615829,Xia-Gibbs syndrome,,HP:0002000,PMID:30152016;PMID:30729726,PCS,,2/6,,,P,ORCID:0000-0002-0736-9199[2025-03-05],2025-03-05
OMIM:615829,Xia-Gibbs syndrome,,HP:0001274,PMID:34229113,PCS,,1/4,,,P,ORCID:0000-0002-0736-9199[2025-03-05],2025-03-05
OMIM:615829,Xia-Gibbs syndrome,,HP:0002360,PMID:27148574,PCS,,2/2,,,P,ORCID:0000-0002-0736-9199[2025-03-05],2025-03-05
OMIM:615829,Xia-Gibbs syndrome,,HP:0001273,PMID:30152016,PCS,,1/1,,,P,ORCID:0000-0002-0736-9199[2025-03-05],2025-03-05
OMIM:615829,Xia-Gibbs syndrome,,HP:0002240,PMID:24791903,PCS,,1/4,,,P,ORCID:0000-0002-0736-9199[2025-03-05],2025-03-05
OMIM:615829,Xia-Gibbs syndrome,,HP:0001270,PMID:38357260;PMID:30622101;PMID:34229113;PMID:30152016,PCS,,9/9,,,P,ORCID:0000-0002-0736-9199[2025-03-05],2025-03-05
OMIM:615829,Xia-Gibbs syndrome,,HP:0010821,PMID:24791903,PCS,,1/4,,,P,ORCID:0000-0002-0736-9199[2025-03-05],2025-03-05
OMIM:615829,Xia-Gibbs syndrome,,HP:0100704,PMID:27148574;PMID:30152016;PMID:24791903,PCS,,4/19,,,P,ORCID:0000-0002-0736-9199[2025-03-05],2025-03-05
OMIM:615829,Xia-Gibbs syndrome,,HP:0000739,PMID:38357260;PMID:30622101;PMID:30152016,PCS,,5/7,,,P,ORCID:0000-0002-0736-9199[2025-03-05],2025-03-05
OMIM:615829,Xia-Gibbs syndrome,,HP:0100702,PMID:27148574;PMID:30729726,PCS,,2/9,,,P,ORCID:0000-0002-0736-9199[2025-03-05],2025-03-05
OMIM:615829,Xia-Gibbs syndrome,,HP:0000337,PMID:35716097;PMID:38357260;PMID:36157999;PMID:30622101;PMID:31182893;PMID:34229113;PMID:34950897;PMID:30152016;PMID:29696776;PMID:30729726;PMID:32256298,PCS,,21/35,,,P,ORCID:0000-0002-0736-9199[2025-03-05],2025-03-05
OMIM:615829,Xia-Gibbs syndrome,,HP:0006970,PMID:27148574,PCS,,1/7,,,P,ORCID:0000-0002-0736-9199[2025-03-05],2025-03-05
OMIM:615829,Xia-Gibbs syndrome,,HP:0000219,PMID:38357260;PMID:36157999;PMID:34950897;PMID:30152016;PMID:39359946;PMID:30729726;PMID:35716097;PMID:31182893;PMID:34229113;PMID:29230160;PMID:29696776;PMID:32256298;PMID:33372375,PCS,,25/39,,,P,ORCID:0000-0002-0736-9199[2025-03-05],2025-03-05
OMIM:615829,Xia-Gibbs syndrome,,HP:0002119,PMID:39359946,PCS,,1/2,,,P,ORCID:0000-0002-0736-9199[2025-03-05],2025-03-05
OMIM:615829,Xia-Gibbs syndrome,,HP:0030084,PMID:24791903;PMID:33372375,PCS,,2/5,,,P,ORCID:0000-0002-0736-9199[2025-03-05],2025-03-05
OMIM:615829,Xia-Gibbs syndrome,,HP:0000218,PMID:35716097;PMID:38357260;PMID:36157999;PMID:39359946;PMID:30729726;PMID:33372375;PMID:24791903,PCS,,6/14,,,P,ORCID:0000-0002-0736-9199[2025-03-05],2025-03-05
OMIM:615829,Xia-Gibbs syndrome,,HP:0000977,PMID:30622101;PMID:30152016,PCS,,3/7,,,P,ORCID:0000-0002-0736-9199[2025-03-05],2025-03-05
OMIM:615829,Xia-Gibbs syndrome,,HP:0007269,PMID:24791903,PCS,,2/2,,,P,ORCID:0000-0002-0736-9199[2025-03-05],2025-03-05
OMIM:615829,Xia-Gibbs syndrome,,HP:0000455,PMID:30152016;PMID:39359946,PCS,,2/5,,,P,ORCID:0000-0002-0736-9199[2025-03-05],2025-03-05
OMIM:615829,Xia-Gibbs syndrome,,HP:0006610,PMID:24791903,PCS,,1/4,,,P,ORCID:0000-0002-0736-9199[2025-03-05],2025-03-05
OMIM:615829,Xia-Gibbs syndrome,,HP:0000577,PMID:27148574;PMID:34229113;PMID:34073322,PCS,,4/12,,,P,ORCID:0000-0002-0736-9199[2025-03-05],2025-03-05
OMIM:615829,Xia-Gibbs syndrome,,HP:0002136,PMID:27148574,PCS,,1/1,,,P,ORCID:0000-0002-0736-9199[2025-03-05],2025-03-05
OMIM:615829,Xia-Gibbs syndrome,,HP:0002015,PMID:32256298,PCS,,1/1,,,P,ORCID:0000-0002-0736-9199[2025-03-05],2025-03-05
OMIM:615829,Xia-Gibbs syndrome,,HP:0002650,PMID:35716097;PMID:27148574;PMID:30622101;PMID:34229113;PMID:34950897;PMID:29696776;PMID:30152016;PMID:34073322;PMID:39359946;PMID:32256298;PMID:24791903,PCS,,16/39,,,P,ORCID:0000-0002-0736-9199[2025-03-05],2025-03-05
OMIM:615829,Xia-Gibbs syndrome,,HP:0002376,PMID:27148574,PCS,,1/1,,,P,ORCID:0000-0002-0736-9199[2025-03-05],2025-03-05
OMIM:615829,Xia-Gibbs syndrome,,HP:0000232,PMID:38357260;PMID:36157999;PMID:39359946;PMID:30729726,PCS,,1/5,,,P,ORCID:0000-0002-0736-9199[2025-03-05],2025-03-05
OMIM:615829,Xia-Gibbs syndrome,,HP:0001288,PMID:27148574;PMID:24791903,PCS,,2/2,,,P,ORCID:0000-0002-0736-9199[2025-03-05],2025-03-05
OMIM:615829,Xia-Gibbs syndrome,,HP:0005001,PMID:35716097;PMID:30152016;PMID:39359946,PCS,,3/12,,,P,ORCID:0000-0002-0736-9199[2025-03-05],2025-03-05
OMIM:615829,Xia-Gibbs syndrome,,HP:0001285,PMID:35716097;PMID:38357260;PMID:27148574;PMID:30622101;PMID:29696776;PMID:34073322;PMID:39359946,PCS,,1/31,,,P,ORCID:0000-0002-0736-9199[2025-03-05],2025-03-05
OMIM:615829,Xia-Gibbs syndrome,,HP:0000470,PMID:35716097;PMID:39359946,PCS,,1/4,,,P,ORCID:0000-0002-0736-9199[2025-03-05],2025-03-05
OMIM:615829,Xia-Gibbs syndrome,,HP:0011228,PMID:29230160;PMID:31182893;PMID:30152016;PMID:32256298;PMID:30729726;PMID:24791903,PCS,,6/15,,,P,ORCID:0000-0002-0736-9199[2025-03-05],2025-03-05
OMIM:615829,Xia-Gibbs syndrome,,HP:0010535,PMID:27148574;PMID:34229113;PMID:34950897;PMID:29696776;PMID:34073322;PMID:39359946;PMID:32256298,PCS,,9/29,,,P,ORCID:0000-0002-0736-9199[2025-03-05],2025-03-05
OMIM:615829,Xia-Gibbs syndrome,,HP:0100710,PMID:27148574;PMID:34229113;PMID:33372375,PCS,,3/6,,,P,ORCID:0000-0002-0736-9199[2025-03-05],2025-03-05
OMIM:615829,Xia-Gibbs syndrome,,HP:0031061,PMID:27148574,PCS,,1/1,,,P,ORCID:0000-0002-0736-9199[2025-03-05],2025-03-05
OMIM:615829,Xia-Gibbs syndrome,,HP:0034295,PMID:27148574;PMID:29230160;PMID:39359946;PMID:30729726,PCS,,4/11,,,P,ORCID:0000-0002-0736-9199[2025-03-05],2025-03-05
OMIM:615829,Xia-Gibbs syndrome,,HP:0000348,PMID:35716097,PCS,,2/2,,,P,ORCID:0000-0002-0736-9199[2025-03-05],2025-03-05
OMIM:615829,Xia-Gibbs syndrome,,HP:0008347,PMID:27148574,PCS,,1/1,,,P,ORCID:0000-0002-0736-9199[2025-03-05],2025-03-05
OMIM:615829,Xia-Gibbs syndrome,,HP:0100716,PMID:38357260;PMID:30622101;PMID:27148574;PMID:31182893;PMID:34229113;PMID:30152016;PMID:33372375,PCS,,9/14,,,P,ORCID:0000-0002-0736-9199[2025-03-05],2025-03-05
OMIM:615829,Xia-Gibbs syndrome,,HP:0002007,PMID:36157999;PMID:30152016;PMID:39359946;PMID:32256298,PCS,,3/14,,,P,ORCID:0000-0002-0736-9199[2025-03-05],2025-03-05
OMIM:615829,Xia-Gibbs syndrome,,HP:0002643,PMID:31182893,PCS,,1/1,,,P,ORCID:0000-0002-0736-9199[2025-03-05],2025-03-05
OMIM:615829,Xia-Gibbs syndrome,,HP:0002069,PMID:30622101,PCS,,1/1,,,P,ORCID:0000-0002-0736-9199[2025-03-05],2025-03-05
OMIM:615829,Xia-Gibbs syndrome,,HP:0000286,PMID:29230160;PMID:30729726,PCS,,2/2,,,P,ORCID:0000-0002-0736-9199[2025-03-05],2025-03-05
OMIM:615829,Xia-Gibbs syndrome,,HP:0005216,PMID:24791903,PCS,,1/1,,,P,ORCID:0000-0002-0736-9199[2025-03-05],2025-03-05
OMIM:615829,Xia-Gibbs syndrome,,HP:0002465,PMID:27148574;PMID:29230160,PCS,,7/7,,,P,ORCID:0000-0002-0736-9199[2025-03-05],2025-03-05
OMIM:615829,Xia-Gibbs syndrome,,HP:0001374,PMID:38357260,PCS,,1/1,,,P,ORCID:0000-0002-0736-9199[2025-03-05],2025-03-05
OMIM:615829,Xia-Gibbs syndrome,,HP:0010804,PMID:38357260;PMID:36157999;PMID:31182893;PMID:34229113;PMID:29230160;PMID:39359946;PMID:32256298;PMID:30729726;PMID:33372375;PMID:24791903,PCS,,3/14,,,P,ORCID:0000-0002-0736-9199[2025-03-05],2025-03-05
OMIM:615829,Xia-Gibbs syndrome,,HP:0002067,PMID:32256298,PCS,,1/1,,,P,ORCID:0000-0002-0736-9199[2025-03-05],2025-03-05
OMIM:615829,Xia-Gibbs syndrome,,HP:0002188,PMID:35716097;PMID:34229113;PMID:39359946;PMID:24791903,PCS,,7/10,,,P,ORCID:0000-0002-0736-9199[2025-03-05],2025-03-05
OMIM:615829,Xia-Gibbs syndrome,,HP:0001256,PMID:38357260;PMID:35716097;PMID:30622101;PMID:34229113;PMID:31182893;PMID:30152016;PMID:33372375;PMID:24791903,PCS,,4/14,,,P,ORCID:0000-0002-0736-9199[2025-03-05],2025-03-05
OMIM:615829,Xia-Gibbs syndrome,,HP:0002342,PMID:35716097;PMID:38357260;PMID:30622101;PMID:31182893;PMID:34229113;PMID:30152016;PMID:33372375;PMID:24791903,PCS,,8/13,,,P,ORCID:0000-0002-0736-9199[2025-03-05],2025-03-05
OMIM:615829,Xia-Gibbs syndrome,,HP:0001773,PMID:35716097;PMID:30622101;PMID:24791903,PCS,,4/6,,,P,ORCID:0000-0002-0736-9199[2025-03-05],2025-03-05
OMIM:615829,Xia-Gibbs syndrome,,HP:0001250,PMID:27148574;PMID:34229113;PMID:34950897;PMID:29696776;PMID:39359946;PMID:32256298;PMID:24791903,PCS,,14/30,,,P,ORCID:0000-0002-0736-9199[2025-03-05],2025-03-05
OMIM:615829,Xia-Gibbs syndrome,,HP:0002066,PMID:38357260;PMID:35716097;PMID:30622101;PMID:27148574;PMID:34229113,PCS,,5/13,,,P,ORCID:0000-0002-0736-9199[2025-03-05],2025-03-05
OMIM:615829,Xia-Gibbs syndrome,,HP:0000160,PMID:38357260;PMID:36157999;PMID:30622101;PMID:29230160;PMID:39359946;PMID:32256298;PMID:24791903,PCS,,1/11,,,P,ORCID:0000-0002-0736-9199[2025-03-05],2025-03-05
OMIM:615829,Xia-Gibbs syndrome,,HP:0001252,PMID:27148574,PCS,,6/7,,,P,ORCID:0000-0002-0736-9199[2025-03-05],2025-03-05
OMIM:615829,Xia-Gibbs syndrome,,HP:0001252,PMID:35716097,PCS,,2/5,,,P,ORCID:0000-0002-0736-9199[2025-03-05],2025-03-05
OMIM:615829,Xia-Gibbs syndrome,,HP:0001252,PMID:32256298,PCS,,1/1,,,P,ORCID:0000-0002-0736-9199[2025-03-05],2025-03-05
OMIM:615829,Xia-Gibbs syndrome,,HP:0001252,PMID:38357260,PCS,,2/2,,,P,ORCID:0000-0002-0736-9199[2025-03-05],2025-03-05
OMIM:615829,Xia-Gibbs syndrome,,HP:0001252,PMID:29696776,PCS,,12/14,,,P,ORCID:0000-0002-0736-9199[2025-03-05],2025-03-05
OMIM:615829,Xia-Gibbs syndrome,,HP:0001252,PMID:29230160,PCS,,1/1,,,P,ORCID:0000-0002-0736-9199[2025-03-05],2025-03-05
OMIM:615829,Xia-Gibbs syndrome,,HP:0001252,PMID:39359946,PCS,,2/2,,,P,ORCID:0000-0002-0736-9199[2025-03-05],2025-03-05
OMIM:615829,Xia-Gibbs syndrome,,HP:0001252,PMID:30152016,PCS,,9/10,,,P,ORCID:0000-0002-0736-9199[2025-03-05],2025-03-05
OMIM:615829,Xia-Gibbs syndrome,,HP:0001252,PMID:34229113,PCS,,4/4,,,P,ORCID:0000-0002-0736-9199[2025-03-05],2025-03-05
OMIM:615829,Xia-Gibbs syndrome,,HP:0001252,PMID:30729726,PCS,,2/2,,,P,ORCID:0000-0002-0736-9199[2025-03-05],2025-03-05
OMIM:615829,Xia-Gibbs syndrome,,HP:0001252,PMID:34950897,PCS,,6/8,,,P,ORCID:0000-0002-0736-9199[2025-03-05],2025-03-05
OMIM:615829,Xia-Gibbs syndrome,,HP:0001252,PMID:36157999,PCS,,1/1,,,P,ORCID:0000-0002-0736-9199[2025-03-05],2025-03-05
OMIM:615829,Xia-Gibbs syndrome,,HP:0001251,PMID:27148574;PMID:34950897;PMID:29696776;PMID:32256298,PCS,,14/23,,,P,ORCID:0000-0002-0736-9199[2025-03-05],2025-03-05
OMIM:615829,Xia-Gibbs syndrome,,HP:0004482,PMID:24791903,PCS,,2/4,,,P,ORCID:0000-0002-0736-9199[2025-03-05],2025-03-05
OMIM:615829,Xia-Gibbs syndrome,,HP:0000280,PMID:38357260;PMID:36157999;PMID:34950897;PMID:31182893;PMID:39359946;PMID:32256298;PMID:30729726,PCS,,2/15,,,P,ORCID:0000-0002-0736-9199[2025-03-05],2025-03-05
OMIM:615829,Xia-Gibbs syndrome,,HP:0000319,PMID:38357260;PMID:35716097;PMID:36157999;PMID:31182893;PMID:34073322;PMID:39359946;PMID:30729726;PMID:32256298;PMID:33372375,PCS,,5/14,,,P,ORCID:0000-0002-0736-9199[2025-03-05],2025-03-05
OMIM:615829,Xia-Gibbs syndrome,,HP:0000718,PMID:38357260;PMID:30622101;PMID:34229113;PMID:29696776;PMID:32256298;PMID:33372375,PCS,,7/23,,,P,ORCID:0000-0002-0736-9199[2025-03-05],2025-03-05
OMIM:615829,Xia-Gibbs syndrome,,HP:0000717,PMID:35716097;PMID:27148574;PMID:34950897;PMID:29696776;PMID:34073322,PCS,,11/28,,,P,ORCID:0000-0002-0736-9199[2025-03-05],2025-03-05
OMIM:615829,Xia-Gibbs syndrome,,HP:0000954,PMID:35716097;PMID:34229113;PMID:30729726,PCS,,5/8,,,P,ORCID:0000-0002-0736-9199[2025-03-05],2025-03-05
OMIM:615829,Xia-Gibbs syndrome,,HP:0001763,PMID:35716097;PMID:38357260;PMID:34229113;PMID:33372375,PCS,,3/11,,,P,ORCID:0000-0002-0736-9199[2025-03-05],2025-03-05
OMIM:615829,Xia-Gibbs syndrome,,HP:0020206,PMID:38357260;PMID:30152016;PMID:30729726,PCS,,2/8,,,P,ORCID:0000-0002-0736-9199[2025-03-05],2025-03-05
OMIM:615829,Xia-Gibbs syndrome,,HP:0003323,PMID:24791903,PCS,,1/1,,,P,ORCID:0000-0002-0736-9199[2025-03-05],2025-03-05
OMIM:615829,Xia-Gibbs syndrome,,HP:0000175,PMID:38357260;PMID:36157999;PMID:34950897;PMID:39359946;PMID:32256298;PMID:30729726,PCS,,1/16,,,P,ORCID:0000-0002-0736-9199[2025-03-05],2025-03-05
OMIM:615829,Xia-Gibbs syndrome,,HP:0000054,PMID:24791903,PCS,,1/2,,,P,ORCID:0000-0002-0736-9199[2025-03-05],2025-03-05
OMIM:615829,Xia-Gibbs syndrome,,HP:0002353,PMID:27148574,PCS,,1/1,,,P,ORCID:0000-0002-0736-9199[2025-03-05],2025-03-05
OMIM:615829,Xia-Gibbs syndrome,,HP:0000211,PMID:24791903,PCS,,1/1,,,P,ORCID:0000-0002-0736-9199[2025-03-05],2025-03-05
OMIM:615829,Xia-Gibbs syndrome,,HP:0000331,PMID:36157999;PMID:30152016;PMID:32256298;PMID:30729726,PCS,,2/12,,,P,ORCID:0000-0002-0736-9199[2025-03-05],2025-03-05
OMIM:615829,Xia-Gibbs syndrome,,HP:0025335,PMID:29230160,PCS,,1/1,,,P,ORCID:0000-0002-0736-9199[2025-03-05],2025-03-05
OMIM:615829,Xia-Gibbs syndrome,,HP:0011968,PMID:35716097;PMID:27148574;PMID:30152016;PMID:24791903,PCS,,10/15,,,P,ORCID:0000-0002-0736-9199[2025-03-05],2025-03-05
OMIM:615829,Xia-Gibbs syndrome,,HP:0001382,PMID:35716097;PMID:27148574;PMID:34229113;PMID:30152016;PMID:39359946,PCS,,17/18,,,P,ORCID:0000-0002-0736-9199[2025-03-05],2025-03-05
OMIM:615829,Xia-Gibbs syndrome,,HP:0012418,PMID:29230160,PCS,,1/1,,,P,ORCID:0000-0002-0736-9199[2025-03-05],2025-03-05
OMIM:615829,Xia-Gibbs syndrome,,HP:0011448,PMID:38357260;PMID:36157999,PCS,,2/2,,,P,ORCID:0000-0002-0736-9199[2025-03-05],2025-03-05
OMIM:615829,Xia-Gibbs syndrome,,HP:0000729,PMID:35716097;PMID:38357260;PMID:27148574;PMID:34229113;PMID:31182893;PMID:30152016;PMID:24791903,PCS,,10/15,,,P,ORCID:0000-0002-0736-9199[2025-03-05],2025-03-05
OMIM:615829,Xia-Gibbs syndrome,,HP:0007112,PMID:29230160,PCS,,1/1,,,P,ORCID:0000-0002-0736-9199[2025-03-05],2025-03-05
OMIM:615829,Xia-Gibbs syndrome,,HP:0001539,PMID:27148574,PCS,,1/7,,,P,ORCID:0000-0002-0736-9199[2025-03-05],2025-03-05
OMIM:615829,Xia-Gibbs syndrome,,HP:0007874,PMID:34950897;PMID:32256298,PCS,,1/9,,,P,ORCID:0000-0002-0736-9199[2025-03-05],2025-03-05
OMIM:615829,Xia-Gibbs syndrome,,HP:0000565,PMID:27148574;PMID:34229113;PMID:29696776;PMID:34073322;PMID:24791903,PCS,,8/26,,,P,ORCID:0000-0002-0736-9199[2025-03-05];HPO:skoehler[2014-07-11];HPO:probinson[2022-10-30];HPO:probinson[2025-03-05],2025-03-05
OMIM:615829,Xia-Gibbs syndrome,,HP:0007754,PMID:27148574,PCS,,1/1,,,P,ORCID:0000-0002-0736-9199[2025-03-05],2025-03-05
OMIM:615829,Xia-Gibbs syndrome,,HP:0000289,PMID:35716097;PMID:39359946,PCS,,1/6,,,P,ORCID:0000-0002-0736-9199[2025-03-05],2025-03-05
OMIM:615829,Xia-Gibbs syndrome,,HP:0007359,PMID:35716097,PCS,,1/4,,,P,ORCID:0000-0002-0736-9199[2025-03-05],2025-03-05
OMIM:615829,Xia-Gibbs syndrome,,HP:0001653,PMID:38357260;PMID:31182893;PMID:34073322;PMID:33372375,PCS,,1/4,,,P,ORCID:0000-0002-0736-9199[2025-03-05],2025-03-05
OMIM:615829,Xia-Gibbs syndrome,,HP:0000322,PMID:35716097;PMID:38357260;PMID:36157999;PMID:31182893;PMID:30152016;PMID:39359946;PMID:30729726;PMID:32256298;PMID:33372375,PCS,,3/17,,,P,ORCID:0000-0002-0736-9199[2025-03-05],2025-03-05
OMIM:615829,Xia-Gibbs syndrome,,HP:0004887,PMID:29230160,PCS,,1/1,,,P,ORCID:0000-0002-0736-9199[2025-03-05],2025-03-05
OMIM:615829,Xia-Gibbs syndrome,,HP:0000687,PMID:38357260;PMID:30152016;PMID:24791903,PCS,,5/9,,,P,ORCID:0000-0002-0736-9199[2025-03-05],2025-03-05
OMIM:615829,Xia-Gibbs syndrome,,HP:0000540,PMID:35716097;PMID:34229113;PMID:34950897;PMID:34073322;PMID:39359946;PMID:24791903,PCS,,13/21,,,P,ORCID:0000-0002-0736-9199[2025-03-05],2025-03-05
OMIM:615829,Xia-Gibbs syndrome,,HP:0000023,PMID:30152016;PMID:39359946,PCS,,3/9,,,P,ORCID:0000-0002-0736-9199[2025-03-05],2025-03-05
OMIM:615829,Xia-Gibbs syndrome,,HP:0006808,PMID:27148574,PCS,,1/7,,,P,ORCID:0000-0002-0736-9199[2025-03-05],2025-03-05
OMIM:615829,Xia-Gibbs syndrome,,HP:0011313,PMID:24791903,PCS,,1/1,,,P,ORCID:0000-0002-0736-9199[2025-03-05],2025-03-05
OMIM:615829,Xia-Gibbs syndrome,,HP:0002280,PMID:34073322;PMID:39359946,PCS,,3/3,,,P,ORCID:0000-0002-0736-9199[2025-03-05],2025-03-05
OMIM:615829,Xia-Gibbs syndrome,,HP:0011318,PMID:30152016,PCS,,1/1,,,P,ORCID:0000-0002-0736-9199[2025-03-05],2025-03-05
OMIM:615829,Xia-Gibbs syndrome,,HP:0010864,PMID:35716097;PMID:38357260;PMID:30622101;PMID:31182893;PMID:34229113;PMID:30152016;PMID:34073322;PMID:33372375,PCS,,6/15,,,P,ORCID:0000-0002-0736-9199[2025-03-05],2025-03-05
OMIM:615829,Xia-Gibbs syndrome,,HP:0001629,PMID:38357260;PMID:35716097;PMID:31182893;PMID:30152016;PMID:34073322;PMID:24791903,PCS,,2/12,,,P,ORCID:0000-0002-0736-9199[2025-03-05],2025-03-05
OMIM:615829,Xia-Gibbs syndrome,,HP:0008551,PMID:38357260;PMID:31182893;PMID:34950897,PCS,,2/11,,,P,ORCID:0000-0002-0736-9199[2025-03-05],2025-03-05
OMIM:615829,Xia-Gibbs syndrome,,HP:0009765,PMID:30152016,PCS,,1/4,,,P,ORCID:0000-0002-0736-9199[2025-03-05],2025-03-05
OMIM:615829,Xia-Gibbs syndrome,,HP:0000378,PMID:35716097;PMID:38357260;PMID:30152016,PCS,,2/11,,,P,ORCID:0000-0002-0736-9199[2025-03-05],2025-03-05
OMIM:615829,Xia-Gibbs syndrome,,HP:0000256,PMID:38357260;PMID:30622101;PMID:34229113;PMID:34950897,PCS,,6/13,,,P,ORCID:0000-0002-0736-9199[2025-03-05],2025-03-05
OMIM:615829,Xia-Gibbs syndrome,,HP:0000396,PMID:30152016;PMID:39359946;PMID:32256298;PMID:30729726,PCS,,2/13,,,P,ORCID:0000-0002-0736-9199[2025-03-05],2025-03-05
OMIM:615829,Xia-Gibbs syndrome,,HP:0000154,PMID:30622101,PCS,,1/1,,,P,ORCID:0000-0002-0736-9199[2025-03-05],2025-03-05
OMIM:615829,Xia-Gibbs syndrome,,HP:0002059,PMID:30622101;PMID:30152016,PCS,,4/4,,,P,ORCID:0000-0002-0736-9199[2025-03-05],2025-03-05
OMIM:615829,Xia-Gibbs syndrome,,HP:0001363,PMID:30152016;PMID:34073322,PCS,,0/5,,,P,ORCID:0000-0002-0736-9199[2025-03-05],2025-03-05
OMIM:615829,Xia-Gibbs syndrome,,HP:0006913,PMID:29230160,PCS,,1/1,,,P,ORCID:0000-0002-0736-9199[2025-03-05],2025-03-05
OMIM:615829,Xia-Gibbs syndrome,,HP:0001762,PMID:27148574,PCS,,1/7,,,P,ORCID:0000-0002-0736-9199[2025-03-05],2025-03-05
OMIM:615829,Xia-Gibbs syndrome,,HP:0000431,PMID:34950897;PMID:39359946;PMID:30729726;PMID:32256298,PCS,,1/12,,,P,ORCID:0000-0002-0736-9199[2025-03-05],2025-03-05
OMIM:615829,Xia-Gibbs syndrome,,HP:0031936,PMID:38357260;PMID:35716097;PMID:27148574;PMID:34950897;PMID:29230160;PMID:34229113;PMID:30152016;PMID:29696776;PMID:34073322;PMID:30729726;PMID:24791903;PMID:33372375,PCS,,35/40,,,P,ORCID:0000-0002-0736-9199[2025-03-05],2025-03-05
OMIM:615829,Xia-Gibbs syndrome,,HP:0001761,PMID:38357260;PMID:27148574;PMID:34229113;PMID:39359946;PMID:33372375,PCS,,6/16,,,P,ORCID:0000-0002-0736-9199[2025-03-05],2025-03-05
OMIM:615829,Xia-Gibbs syndrome,,HP:0000430,PMID:30152016;PMID:39359946;PMID:30729726,PCS,,3/7,,,P,ORCID:0000-0002-0736-9199[2025-03-05],2025-03-05
OMIM:615829,Xia-Gibbs syndrome,,HP:0045025,PMID:30622101,PCS,,1/1,,,P,ORCID:0000-0002-0736-9199[2025-03-05],2025-03-05
OMIM:615829,Xia-Gibbs syndrome,,HP:0012510,PMID:27148574,PCS,,1/7,,,P,ORCID:0000-0002-0736-9199[2025-03-05],2025-03-05
OMIM:615829,Xia-Gibbs syndrome,,HP:0005280,PMID:31182893;PMID:34229113;PMID:29230160;PMID:29696776;PMID:34073322;PMID:39359946;PMID:32256298;PMID:30729726;PMID:24791903,PCS,,14/26,,,P,ORCID:0000-0002-0736-9199[2025-03-05],2025-03-05
OMIM:615829,Xia-Gibbs syndrome,,HP:0011396,PMID:27148574,PCS,,1/1,,,P,ORCID:0000-0002-0736-9199[2025-03-05],2025-03-05
OMIM:615829,Xia-Gibbs syndrome,,HP:0007334,PMID:34073322,PCS,,1/1,,,P,ORCID:0000-0002-0736-9199[2025-03-05],2025-03-05
OMIM:615829,Xia-Gibbs syndrome,,HP:0000389,PMID:24791903,PCS,,1/1,,,P,ORCID:0000-0002-0736-9199[2025-03-05],2025-03-05
OMIM:615829,Xia-Gibbs syndrome,,HP:0000268,PMID:38357260,PCS,,1/1,,,P,ORCID:0000-0002-0736-9199[2025-03-05],2025-03-05
OMIM:615829,Xia-Gibbs syndrome,,HP:0001511,PMID:35716097,PCS,,1/1,,,P,ORCID:0000-0002-0736-9199[2025-03-05],2025-03-05
OMIM:615829,Xia-Gibbs syndrome,,HP:0001357,PMID:35716097;PMID:30152016;PMID:24791903,PCS,,4/12,,,P,ORCID:0000-0002-0736-9199[2025-03-05],2025-03-05
OMIM:615829,Xia-Gibbs syndrome,,HP:0200055,PMID:24791903,PCS,,2/4,,,P,ORCID:0000-0002-0736-9199[2025-03-05],2025-03-05
OMIM:615829,Xia-Gibbs syndrome,,HP:0000664,PMID:35716097;PMID:30152016;PMID:32256298,PCS,,3/8,,,P,ORCID:0000-0002-0736-9199[2025-03-05],2025-03-05
OMIM:615829,Xia-Gibbs syndrome,,HP:0001631,PMID:35716097;PMID:38357260;PMID:27148574;PMID:31182893;PMID:30152016;PMID:34073322,PCS,,2/6,,,P,ORCID:0000-0002-0736-9199[2025-03-05],2025-03-05
OMIM:615829,Xia-Gibbs syndrome,,HP:0000028,PMID:35716097;PMID:27148574,PCS,,2/6,,,P,ORCID:0000-0002-0736-9199[2025-03-05],2025-03-05
OMIM:616276,"Coenzyme Q10 deficiency, primary, 7",,HP:0002069,PMID:25658047;PMID:26185144,PCS,,3/7,,,P,ORCID:0000-0002-0736-9199[2024-10-08],2024-10-08
OMIM:616276,"Coenzyme Q10 deficiency, primary, 7",,HP:0003236,PMID:25658047,PCS,,1/5,,,P,ORCID:0000-0002-0736-9199[2024-10-08],2024-10-08
OMIM:616276,"Coenzyme Q10 deficiency, primary, 7",,HP:0000365,PMID:25658047;PMID:31396399;PMID:26185144;PMID:30659264,PCS,,10/14,,,P,ORCID:0000-0002-0736-9199[2024-10-08],2024-10-08
OMIM:616276,"Coenzyme Q10 deficiency, primary, 7",,HP:0001332,PMID:30659264,PCS,,2/2,,,P,ORCID:0000-0002-0736-9199[2024-10-08],2024-10-08
OMIM:616276,"Coenzyme Q10 deficiency, primary, 7",,HP:0002384,PMID:30659264,PCS,,1/1,,,P,ORCID:0000-0002-0736-9199[2024-10-08],2024-10-08
OMIM:616276,"Coenzyme Q10 deficiency, primary, 7",,HP:0003198,PMID:31396399,PCS,,1/5,,,P,ORCID:0000-0002-0736-9199[2024-10-08],2024-10-08
OMIM:616276,"Coenzyme Q10 deficiency, primary, 7",,HP:0001250,PMID:25658047;PMID:30659264;PMID:31396399,PCS,,10/13,,,P,ORCID:0000-0002-0736-9199[2024-10-08];HPO:skoehler[2015-04-19];HPO:probinson[2024-10-08],2024-10-08
OMIM:616276,"Coenzyme Q10 deficiency, primary, 7",,HP:0025664,PMID:25658047;PMID:26185144,PCS,,2/11,,,P,ORCID:0000-0002-0736-9199[2024-10-08],2024-10-08
OMIM:616276,"Coenzyme Q10 deficiency, primary, 7",,HP:0012707,PMID:31396399,PCS,,3/4,,,P,ORCID:0000-0002-0736-9199[2024-10-08],2024-10-08
OMIM:616276,"Coenzyme Q10 deficiency, primary, 7",,HP:0001252,PMID:25658047,PCS,,1/1,,,P,ORCID:0000-0002-0736-9199[2024-10-08],2024-10-08
OMIM:616276,"Coenzyme Q10 deficiency, primary, 7",,HP:0001252,PMID:31396399,PCS,,7/11,,,P,ORCID:0000-0002-0736-9199[2024-10-08],2024-10-08
OMIM:616276,"Coenzyme Q10 deficiency, primary, 7",,HP:0001252,PMID:26185144,PCS,,5/5,,,P,ORCID:0000-0002-0736-9199[2024-10-08],2024-10-08
OMIM:616276,"Coenzyme Q10 deficiency, primary, 7",,HP:0001252,PMID:33704555,PCS,,1/1,,,P,ORCID:0000-0002-0736-9199[2024-10-08],2024-10-08
OMIM:616276,"Coenzyme Q10 deficiency, primary, 7",,HP:0001251,PMID:33704555;PMID:25658047,PCS,,2/3,,,P,ORCID:0000-0002-0736-9199[2024-10-08],2024-10-08
OMIM:616276,"Coenzyme Q10 deficiency, primary, 7",,HP:0032278,PMID:25658047;PMID:26185144,PCS,,4/10,,,P,ORCID:0000-0002-0736-9199[2024-10-08],2024-10-08
OMIM:616276,"Coenzyme Q10 deficiency, primary, 7",,HP:0011410,PMID:26185144,PCS,,4/6,,,P,ORCID:0000-0002-0736-9199[2024-10-08],2024-10-08
OMIM:616276,"Coenzyme Q10 deficiency, primary, 7",,HP:0012666,PMID:25658047,PCS,,1/2,,,P,ORCID:0000-0002-0736-9199[2024-10-08],2024-10-08
OMIM:616276,"Coenzyme Q10 deficiency, primary, 7",,HP:0033725,PMID:33704555;PMID:25658047;PMID:31396399,PCS,,8/12,,,P,ORCID:0000-0002-0736-9199[2024-10-08],2024-10-08
OMIM:616276,"Coenzyme Q10 deficiency, primary, 7",,HP:0000639,PMID:30659264,PCS,,1/1,,,P,ORCID:0000-0002-0736-9199[2024-10-08],2024-10-08
OMIM:616276,"Coenzyme Q10 deficiency, primary, 7",,HP:0007325,PMID:31396399,PCS,,3/6,,,P,ORCID:0000-0002-0736-9199[2024-10-08],2024-10-08
OMIM:616276,"Coenzyme Q10 deficiency, primary, 7",,HP:0006813,PMID:33704555;PMID:25658047;PMID:26185144,PCS,,1/12,,,P,ORCID:0000-0002-0736-9199[2024-10-08],2024-10-08
OMIM:616276,"Coenzyme Q10 deficiency, primary, 7",,HP:0001063,PMID:25658047,PCS,,1/3,,,P,ORCID:0000-0002-0736-9199[2024-10-08],2024-10-08
OMIM:616276,"Coenzyme Q10 deficiency, primary, 7",,HP:0011924,PMID:33704555;PMID:30659264;PMID:26185144,PCS,,2/3,,,P,ORCID:0000-0002-0736-9199[2024-10-08],2024-10-08
OMIM:616276,"Coenzyme Q10 deficiency, primary, 7",,HP:0011968,PMID:33704555;PMID:31396399;PMID:30659264;PMID:26185144,PCS,,10/15,,,P,ORCID:0000-0002-0736-9199[2024-10-08],2024-10-08
OMIM:616276,"Coenzyme Q10 deficiency, primary, 7",,HP:0001263,PMID:25658047;PMID:30659264;PMID:31396399,PCS,,13/13,,,P,ORCID:0000-0002-0736-9199[2024-10-08],2024-10-08
OMIM:616276,"Coenzyme Q10 deficiency, primary, 7",,HP:0002151,PMID:25658047;PMID:31396399;PMID:26185144;PMID:30659264,PCS,,20/24,,,P,ORCID:0000-0002-0736-9199[2024-10-08];HPO:skoehler[2015-04-19];HPO:probinson[2024-10-08],2024-10-08
OMIM:616276,"Coenzyme Q10 deficiency, primary, 7",,HP:0025722,PMID:31396399,PCS,,2/3,,,P,ORCID:0000-0002-0736-9199[2024-10-08],2024-10-08
OMIM:616276,"Coenzyme Q10 deficiency, primary, 7",,HP:0002505,PMID:31396399,PCS,,1/5,,,P,ORCID:0000-0002-0736-9199[2024-10-08],2024-10-08
OMIM:616276,"Coenzyme Q10 deficiency, primary, 7",,HP:0001257,PMID:33704555;PMID:25658047;PMID:31396399,PCS,,4/11,,,P,ORCID:0000-0002-0736-9199[2024-10-08],2024-10-08
OMIM:616276,"Coenzyme Q10 deficiency, primary, 7",,HP:0002104,PMID:25658047,PCS,,1/2,,,P,ORCID:0000-0002-0736-9199[2024-10-08],2024-10-08
OMIM:616276,"Coenzyme Q10 deficiency, primary, 7",,HP:0001310,PMID:33704555,PCS,,1/1,,,P,ORCID:0000-0002-0736-9199[2024-10-08],2024-10-08
OMIM:616276,"Coenzyme Q10 deficiency, primary, 7",,HP:0001272,PMID:33704555;PMID:25658047;PMID:31396399,PCS,,4/11,,,P,ORCID:0000-0002-0736-9199[2024-10-08],2024-10-08
OMIM:616276,"Coenzyme Q10 deficiency, primary, 7",,HP:0001271,PMID:31396399,PCS,,1/5,,,P,ORCID:0000-0002-0736-9199[2024-10-08],2024-10-08
OMIM:616276,"Coenzyme Q10 deficiency, primary, 7",,HP:0001270,PMID:33704555;PMID:25658047,PCS,,2/3,,,P,ORCID:0000-0002-0736-9199[2024-10-08],2024-10-08
OMIM:616276,"Coenzyme Q10 deficiency, primary, 7",,HP:0001508,PMID:30659264,PCS,,2/2,,,P,ORCID:0000-0002-0736-9199[2024-10-08],2024-10-08
OMIM:616276,"Coenzyme Q10 deficiency, primary, 7",,HP:0100704,PMID:31396399,PCS,,5/11,,,P,ORCID:0000-0002-0736-9199[2024-10-08],2024-10-08
OMIM:616276,"Coenzyme Q10 deficiency, primary, 7",,HP:0001987,PMID:30659264,PCS,,2/2,,,P,ORCID:0000-0002-0736-9199[2024-10-08],2024-10-08
OMIM:616276,"Coenzyme Q10 deficiency, primary, 7",,HP:0008314,PMID:33704555;PMID:30659264;PMID:26185144,PCS,,1/3,,,P,ORCID:0000-0002-0736-9199[2024-10-08],2024-10-08
OMIM:616276,"Coenzyme Q10 deficiency, primary, 7",,HP:0002910,PMID:25658047,PCS,,0/5,,,P,ORCID:0000-0002-0736-9199[2024-10-08],2024-10-08
OMIM:616276,"Coenzyme Q10 deficiency, primary, 7",,HP:0002059,PMID:31396399,PCS,,6/9,,,P,ORCID:0000-0002-0736-9199[2024-10-08],2024-10-08
OMIM:616276,"Coenzyme Q10 deficiency, primary, 7",,HP:0002015,PMID:25658047;PMID:26185144,PCS,,7/8,,,P,ORCID:0000-0002-0736-9199[2024-10-08];HPO:skoehler[2015-04-19];HPO:probinson[2024-10-08],2024-10-08
OMIM:616276,"Coenzyme Q10 deficiency, primary, 7",,HP:0001321,PMID:33704555;PMID:25658047;PMID:31396399;PMID:26185144,PCS,,11/18,,,P,ORCID:0000-0002-0736-9199[2024-10-08];HPO:skoehler[2015-04-19];HPO:probinson[2024-10-08],2024-10-08
OMIM:616276,"Coenzyme Q10 deficiency, primary, 7",,HP:0005684,PMID:25658047,PCS,,2/4,,,P,ORCID:0000-0002-0736-9199[2024-10-08],2024-10-08
OMIM:616276,"Coenzyme Q10 deficiency, primary, 7",,HP:0001284,PMID:33704555;PMID:25658047,PCS,,3/3,,,P,ORCID:0000-0002-0736-9199[2024-10-08],2024-10-08
OMIM:616276,"Coenzyme Q10 deficiency, primary, 7",,HP:0010851,PMID:33704555,PCS,,2/2,,,P,ORCID:0000-0002-0736-9199[2024-10-08],2024-10-08
OMIM:616276,"Coenzyme Q10 deficiency, primary, 7",,HP:0002172,PMID:25658047,PCS,,1/1,,,P,ORCID:0000-0002-0736-9199[2024-10-08],2024-10-08
OMIM:616276,"Coenzyme Q10 deficiency, primary, 7",,HP:0034369,PMID:25658047;PMID:26185144,PCS,,5/5,,,P,ORCID:0000-0002-0736-9199[2024-10-08],2024-10-08
OMIM:616276,"Coenzyme Q10 deficiency, primary, 7",,HP:0002093,PMID:30659264,PCS,,2/2,,,P,ORCID:0000-0002-0736-9199[2024-10-08],2024-10-08
OMIM:616276,"Coenzyme Q10 deficiency, primary, 7",,HP:0002093,PMID:26185144,PCS,,4/4,,,P,ORCID:0000-0002-0736-9199[2024-10-08],2024-10-08
OMIM:616276,"Coenzyme Q10 deficiency, primary, 7",,HP:0001639,PMID:25658047;PMID:30659264;PMID:31396399,PCS,,4/12,,,P,ORCID:0000-0002-0736-9199[2024-10-08];HPO:skoehler[2015-04-19];HPO:probinson[2024-10-08],2024-10-08
OMIM:616276,"Coenzyme Q10 deficiency, primary, 7",,HP:0001511,PMID:25658047;PMID:26185144,PCS,,1/9,,,P,ORCID:0000-0002-0736-9199[2024-10-08];HPO:skoehler[2015-04-19];HPO:probinson[2024-10-08],2024-10-08
OMIM:616276,"Coenzyme Q10 deficiency, primary, 7",,HP:0003259,PMID:25658047;PMID:30659264,PCS,,0/6,,,P,ORCID:0000-0002-0736-9199[2024-10-08],2024-10-08
OMIM:617056,"Tubulointerstitial kidney disease, autosomal dominant, 5",,HP:0003774,PMID:33185949;PMID:27392076,PCS,,1/6,,,P,ORCID:0000-0002-0736-9199[2024-07-19],2024-07-19
OMIM:617056,"Tubulointerstitial kidney disease, autosomal dominant, 5",,HP:0012606,PMID:33185949;PMID:27392076,PCS,,0/2,,,P,ORCID:0000-0002-0736-9199[2024-07-19],2024-07-19
OMIM:617056,"Tubulointerstitial kidney disease, autosomal dominant, 5",,HP:0020132,PMID:27392076,PCS,,1/1,,,P,ORCID:0000-0002-0736-9199[2024-07-19],2024-07-19
OMIM:617056,"Tubulointerstitial kidney disease, autosomal dominant, 5",,HP:0040084,PMID:27392076,PCS,,0/2,,,P,ORCID:0000-0002-0736-9199[2024-07-19],2024-07-19
OMIM:617056,"Tubulointerstitial kidney disease, autosomal dominant, 5",,HP:0040085,PMID:27392076,PCS,,0/2,,,P,ORCID:0000-0002-0736-9199[2024-07-19],2024-07-19
OMIM:617056,"Tubulointerstitial kidney disease, autosomal dominant, 5",,HP:0012622,PMID:33185949;PMID:27392076,PCS,,5/5,,,P,ORCID:0000-0002-0736-9199[2024-07-19];HPO:skoehler[2017-07-13];HPO:probinson[2023-02-21],2024-07-19
OMIM:617056,"Tubulointerstitial kidney disease, autosomal dominant, 5",,HP:0032218,PMID:33185949;PMID:27392076,PCS,,1/6,,,P,ORCID:0000-0002-0736-9199[2024-07-19],2024-07-19
OMIM:617056,"Tubulointerstitial kidney disease, autosomal dominant, 5",,HP:0001903,PMID:33185949,PCS,,1/1,,,P,ORCID:0000-0002-0736-9199[2024-07-19],2024-07-19
OMIM:617056,"Tubulointerstitial kidney disease, autosomal dominant, 5",,HP:0011342,PMID:33185949;PMID:27392076,PCS,,1/6,,,P,ORCID:0000-0002-0736-9199[2024-07-19],2024-07-19
OMIM:617056,"Tubulointerstitial kidney disease, autosomal dominant, 5",,HP:0012450,PMID:33185949;PMID:27392076,PCS,,1/6,,,P,ORCID:0000-0002-0736-9199[2024-07-19],2024-07-19
OMIM:617056,"Tubulointerstitial kidney disease, autosomal dominant, 5",,HP:0004719,PMID:27392076,PCS,,1/1,,,P,ORCID:0000-0002-0736-9199[2024-07-19],2024-07-19
OMIM:617056,"Tubulointerstitial kidney disease, autosomal dominant, 5",,HP:0000278,PMID:33185949;PMID:27392076,PCS,,1/6,,,P,ORCID:0000-0002-0736-9199[2024-07-19],2024-07-19
OMIM:617056,"Tubulointerstitial kidney disease, autosomal dominant, 5",,HP:0004732,PMID:33185949;PMID:27392076,PCS,,0/2,,,P,ORCID:0000-0002-0736-9199[2024-07-19],2024-07-19
OMIM:617056,"Tubulointerstitial kidney disease, autosomal dominant, 5",,HP:0001562,PMID:33185949;PMID:27392076,PCS,,1/6,,,P,ORCID:0000-0002-0736-9199[2024-07-19],2024-07-19
OMIM:617056,"Tubulointerstitial kidney disease, autosomal dominant, 5",,HP:0000110,PMID:27392076,PCS,,1/1,,,P,ORCID:0000-0002-0736-9199[2024-07-19],2024-07-19
OMIM:617056,"Tubulointerstitial kidney disease, autosomal dominant, 5",,HP:0001882,PMID:27392076,PCS,,2/5,,,P,ORCID:0000-0002-0736-9199[2024-07-19],2024-07-19
OMIM:617056,"Tubulointerstitial kidney disease, autosomal dominant, 5",,HP:0003165,PMID:33185949,PCS,,1/1,,,P,ORCID:0000-0002-0736-9199[2024-07-19],2024-07-19
OMIM:617056,"Tubulointerstitial kidney disease, autosomal dominant, 5",,HP:0002153,PMID:33185949;PMID:27392076,PCS,,2/6,,,P,ORCID:0000-0002-0736-9199[2024-07-19],2024-07-19
OMIM:617056,"Tubulointerstitial kidney disease, autosomal dominant, 5",,HP:0002572,PMID:33185949,PCS,,1/1,,,P,ORCID:0000-0002-0736-9199[2024-07-19],2024-07-19
OMIM:617056,"Tubulointerstitial kidney disease, autosomal dominant, 5",,HP:0000790,PMID:27392076,PCS,,0/2,,,P,ORCID:0000-0002-0736-9199[2024-07-19],2024-07-19
OMIM:617056,"Tubulointerstitial kidney disease, autosomal dominant, 5",,HP:0000093,PMID:33185949;PMID:27392076,PCS,,0/3,,,P,ORCID:0000-0002-0736-9199[2024-07-19],2024-07-19
OMIM:617056,"Tubulointerstitial kidney disease, autosomal dominant, 5",,HP:0034886,PMID:27392076,PCS,,2/2,,,P,ORCID:0000-0002-0736-9199[2024-07-19],2024-07-19
OMIM:617056,"Tubulointerstitial kidney disease, autosomal dominant, 5",,HP:0012213,PMID:33185949;PMID:27392076,PCS,,2/2,,,P,ORCID:0000-0002-0736-9199[2024-07-19],2024-07-19
OMIM:617056,"Tubulointerstitial kidney disease, autosomal dominant, 5",,HP:0001919,PMID:33185949;PMID:27392076,PCS,,1/6,,,P,ORCID:0000-0002-0736-9199[2024-07-19],2024-07-19
OMIM:617056,"Tubulointerstitial kidney disease, autosomal dominant, 5",,HP:0001518,PMID:33185949;PMID:27392076,PCS,,6/6,,,P,ORCID:0000-0002-0736-9199[2024-07-19],2024-07-19
OMIM:617056,"Tubulointerstitial kidney disease, autosomal dominant, 5",,HP:0000822,PMID:27392076,PCS,,0/5,,,P,ORCID:0000-0002-0736-9199[2024-07-19],2024-07-19
OMIM:617056,"Tubulointerstitial kidney disease, autosomal dominant, 5",,HP:0004727,PMID:33185949,PCS,,1/1,,,P,ORCID:0000-0002-0736-9199[2024-07-19],2024-07-19
OMIM:617056,"Tubulointerstitial kidney disease, autosomal dominant, 5",,HP:0100838,PMID:27392076,PCS,,2/2,,,P,ORCID:0000-0002-0736-9199[2024-07-19],2024-07-19
OMIM:617056,"Tubulointerstitial kidney disease, autosomal dominant, 5",,HP:0001997,PMID:33185949;PMID:27392076,PCS,,2/6,,,P,ORCID:0000-0002-0736-9199[2024-07-19];HPO:skoehler[2017-07-13];HPO:probinson[2023-02-21],2024-07-19
OMIM:617056,"Tubulointerstitial kidney disease, autosomal dominant, 5",,HP:0003138,PMID:33185949;PMID:27392076,PCS,,2/6,,,P,ORCID:0000-0002-0736-9199[2024-07-19],2024-07-19
OMIM:617056,"Tubulointerstitial kidney disease, autosomal dominant, 5",,HP:0000325,PMID:33185949;PMID:27392076,PCS,,1/6,,,P,ORCID:0000-0002-0736-9199[2024-07-19],2024-07-19
OMIM:617056,"Tubulointerstitial kidney disease, autosomal dominant, 5",,HP:0002149,PMID:33185949;PMID:27392076,PCS,,3/6,,,P,ORCID:0000-0002-0736-9199[2024-07-19];HPO:skoehler[2017-07-13];HPO:probinson[2023-02-21],2024-07-19
OMIM:617056,"Tubulointerstitial kidney disease, autosomal dominant, 5",,HP:0001875,PMID:33185949;PMID:27392076,PCS,,2/6,,,P,ORCID:0000-0002-0736-9199[2024-07-19];HPO:skoehler[2017-07-13];HPO:probinson[2023-02-21],2024-07-19
OMIM:614199,"Nephrotic syndrome, type 5, with or without ocular abnormalities",,HP:0003774,PMID:21236492,PCS,,3/3,,,P,ORCID:0000-0002-0736-9199[2024-04-19],2024-04-19
OMIM:614199,"Nephrotic syndrome, type 5, with or without ocular abnormalities",,HP:0000541,PMID:21236492,PCS,,5/9,,,P,ORCID:0000-0002-0736-9199[2024-04-19],2024-04-19
OMIM:614199,"Nephrotic syndrome, type 5, with or without ocular abnormalities",,HP:0000100,PMID:21236492,PCS,,2/2,,,P,ORCID:0000-0002-0736-9199[2024-04-19],2024-04-19
OMIM:614199,"Nephrotic syndrome, type 5, with or without ocular abnormalities",,HP:0000083,PMID:21236492,PCS,,6/6,,,P,ORCID:0000-0002-0736-9199[2024-04-19],2024-04-19
OMIM:614199,"Nephrotic syndrome, type 5, with or without ocular abnormalities",,HP:0000580,PMID:21236492,PCS,,3/9,,,P,ORCID:0000-0002-0736-9199[2024-04-19],2024-04-19
OMIM:614199,"Nephrotic syndrome, type 5, with or without ocular abnormalities",,HP:0031266,PMID:21236492,PCS,,1/5,,,P,ORCID:0000-0002-0736-9199[2024-04-19],2024-04-19
OMIM:614199,"Nephrotic syndrome, type 5, with or without ocular abnormalities",,HP:0012574,PMID:21236492,PCS,,4/5,,,P,ORCID:0000-0002-0736-9199[2024-04-19],2024-04-19
OMIM:614199,"Nephrotic syndrome, type 5, with or without ocular abnormalities",,HP:0000518,PMID:16912710;PMID:21236492,PCS,,3/12,,,P,ORCID:0000-0002-0736-9199[2024-04-19],2024-04-19
OMIM:614199,"Nephrotic syndrome, type 5, with or without ocular abnormalities",,HP:0000639,PMID:16912710;PMID:21236492,PCS,,3/13,,,P,ORCID:0000-0002-0736-9199[2024-04-19];HPO:probinson[2013-02-26];HPO:probinson[2020-07-20],2024-04-19
OMIM:614199,"Nephrotic syndrome, type 5, with or without ocular abnormalities",,HP:0032582,PMID:21236492,PCS,,1/5,,,P,ORCID:0000-0002-0736-9199[2024-04-19],2024-04-19
OMIM:614199,"Nephrotic syndrome, type 5, with or without ocular abnormalities",,HP:0007663,PMID:21236492,PCS,,8/8,,,P,ORCID:0000-0002-0736-9199[2024-04-19],2024-04-19
OMIM:614199,"Nephrotic syndrome, type 5, with or without ocular abnormalities",,HP:0001967,PMID:21236492,PCS,,1/1,,,P,ORCID:0000-0002-0736-9199[2024-04-19],2024-04-19
OMIM:614199,"Nephrotic syndrome, type 5, with or without ocular abnormalities",,HP:0001104,PMID:21236492,PCS,,1/9,,,P,ORCID:0000-0002-0736-9199[2024-04-19],2024-04-19
OMIM:614199,"Nephrotic syndrome, type 5, with or without ocular abnormalities",,HP:0000510,PMID:21236492,PCS,,1/1,,,P,ORCID:0000-0002-0736-9199[2024-04-19],2024-04-19
OMIM:614199,"Nephrotic syndrome, type 5, with or without ocular abnormalities",,HP:0000099,PMID:21236492,PCS,,4/4,,,P,ORCID:0000-0002-0736-9199[2024-04-19],2024-04-19
OMIM:614199,"Nephrotic syndrome, type 5, with or without ocular abnormalities",,HP:0000097,PMID:16912710;PMID:21236492,PCS,,2/3,,,P,ORCID:0000-0002-0736-9199[2024-04-19],2024-04-19
OMIM:614199,"Nephrotic syndrome, type 5, with or without ocular abnormalities",,HP:0000790,PMID:21236492,PCS,,1/1,,,P,ORCID:0000-0002-0736-9199[2024-04-19],2024-04-19
OMIM:614199,"Nephrotic syndrome, type 5, with or without ocular abnormalities",,HP:0000093,PMID:21236492,PCS,,4/4,,,P,ORCID:0000-0002-0736-9199[2024-04-19],2024-04-19
OMIM:614199,"Nephrotic syndrome, type 5, with or without ocular abnormalities",,HP:0000609,PMID:21236492,PCS,,1/9,,,P,ORCID:0000-0002-0736-9199[2024-04-19],2024-04-19
OMIM:614199,"Nephrotic syndrome, type 5, with or without ocular abnormalities",,HP:0000822,PMID:21236492,PCS,,2/2,,,P,ORCID:0000-0002-0736-9199[2024-04-19],2024-04-19
OMIM:614199,"Nephrotic syndrome, type 5, with or without ocular abnormalities",,HP:0000568,PMID:21236492,PCS,,1/9,,,P,ORCID:0000-0002-0736-9199[2024-04-19],2024-04-19
OMIM:277000,Mayer-Rokitansky-Kuster-Hauser syndrome,,HP:0000055,PMID:19889212,PCS,,0/2,,,P,HPO:probinson[2024-03-09],2024-03-09
OMIM:277000,Mayer-Rokitansky-Kuster-Hauser syndrome,,HP:0031923,PMID:19889212,PCS,,1/2,,,P,HPO:probinson[2024-03-09],2024-03-09
OMIM:277000,Mayer-Rokitansky-Kuster-Hauser syndrome,,HP:0000494,PMID:19889212,PCS,,1/2,,,P,HPO:probinson[2024-03-09],2024-03-09
OMIM:277000,Mayer-Rokitansky-Kuster-Hauser syndrome,,HP:0005565,PMID:19889212,PCS,,1/2,,,P,HPO:probinson[2024-03-09],2024-03-09
OMIM:277000,Mayer-Rokitansky-Kuster-Hauser syndrome,,HP:0000151,PMID:19889212,PCS,,1/2,,,P,HPO:probinson[2024-03-09],2024-03-09
OMIM:277000,Mayer-Rokitansky-Kuster-Hauser syndrome,,HP:0012673,PMID:19889212,PCS,,1/2,,,P,HPO:probinson[2024-03-09],2024-03-09
OMIM:277000,Mayer-Rokitansky-Kuster-Hauser syndrome,,HP:0033131,PMID:19889212,PCS,,1/2,,,P,HPO:probinson[2024-03-09],2024-03-09
OMIM:277000,Mayer-Rokitansky-Kuster-Hauser syndrome,,HP:0000107,PMID:19889212,PCS,,1/2,,,P,HPO:probinson[2024-03-09],2024-03-09
OMIM:277000,Mayer-Rokitansky-Kuster-Hauser syndrome,,HP:0031909,PMID:19889212,PCS,,1/2,,,P,HPO:probinson[2024-03-09],2024-03-09
OMIM:277000,Mayer-Rokitansky-Kuster-Hauser syndrome,,HP:0000147,PMID:19889212,PCS,,1/2,,,P,HPO:probinson[2024-03-09],2024-03-09
OMIM:277000,Mayer-Rokitansky-Kuster-Hauser syndrome,,HP:0000003,PMID:19889212,PCS,,1/2,,,P,HPO:probinson[2024-03-09],2024-03-09
OMIM:277000,Mayer-Rokitansky-Kuster-Hauser syndrome,,HP:0005338,PMID:19889212,PCS,,1/2,,,P,HPO:probinson[2024-03-09],2024-03-09
OMIM:277000,Mayer-Rokitansky-Kuster-Hauser syndrome,,HP:0000786,PMID:19889212,PCS,,1/2,,,P,HPO:probinson[2024-03-09];HPO:probinson[2024-03-09],2024-03-09
OMIM:117360,"Spinocerebellar ataxia 29, congenital nonprogressive",,HP:0004325,PMID:37821226,PCS,,1/1,,,P,ORCID:0000-0002-0736-9199[2024-07-17],2024-07-17
OMIM:117360,"Spinocerebellar ataxia 29, congenital nonprogressive",,HP:0002421,PMID:25981959;PMID:37821226;PMID:27062503;PMID:25794864,PCS,,4/8,,,P,ORCID:0000-0002-0736-9199[2024-07-17],2024-07-17
OMIM:117360,"Spinocerebellar ataxia 29, congenital nonprogressive",,HP:0002540,PMID:37964426;PMID:35743164;PMID:22986007,PCS,,4/4,,,P,ORCID:0000-0002-0736-9199[2024-07-17],2024-07-17
OMIM:117360,"Spinocerebellar ataxia 29, congenital nonprogressive",,HP:0000486,PMID:29925855;PMID:37964426,PCS,,3/3,,,P,ORCID:0000-0002-0736-9199[2024-07-17],2024-07-17
OMIM:117360,"Spinocerebellar ataxia 29, congenital nonprogressive",,HP:0001332,PMID:37821226;PMID:29925855,PCS,,3/3,,,P,ORCID:0000-0002-0736-9199[2024-07-17],2024-07-17
OMIM:117360,"Spinocerebellar ataxia 29, congenital nonprogressive",,HP:0000089,PMID:37964426,PCS,,1/1,,,P,ORCID:0000-0002-0736-9199[2024-07-17],2024-07-17
OMIM:117360,"Spinocerebellar ataxia 29, congenital nonprogressive",,HP:0004322,PMID:37821226;PMID:37964426,PCS,,4/4,,,P,ORCID:0000-0002-0736-9199[2024-07-17],2024-07-17
OMIM:117360,"Spinocerebellar ataxia 29, congenital nonprogressive",,HP:0030177,PMID:29925855,PCS,,0/4,,,P,ORCID:0000-0002-0736-9199[2024-07-17],2024-07-17
OMIM:117360,"Spinocerebellar ataxia 29, congenital nonprogressive",,HP:0001290,PMID:37821226;PMID:27062503;PMID:25794864,PCS,,10/10,,,P,ORCID:0000-0002-0736-9199[2024-07-17],2024-07-17
OMIM:117360,"Spinocerebellar ataxia 29, congenital nonprogressive",,HP:0000514,PMID:28826917,PCS,,1/1,,,P,ORCID:0000-0002-0736-9199[2024-07-17],2024-07-17
OMIM:117360,"Spinocerebellar ataxia 29, congenital nonprogressive",,HP:0003763,PMID:37821226,PCS,,1/1,,,P,ORCID:0000-0002-0736-9199[2024-07-17],2024-07-17
OMIM:117360,"Spinocerebellar ataxia 29, congenital nonprogressive",,HP:0000252,PMID:37821226;PMID:37964426,PCS,,3/4,,,P,ORCID:0000-0002-0736-9199[2024-07-17],2024-07-17
OMIM:117360,"Spinocerebellar ataxia 29, congenital nonprogressive",,HP:0001583,PMID:25981959,PCS,,1/1,,,P,ORCID:0000-0002-0736-9199[2024-07-17],2024-07-17
OMIM:117360,"Spinocerebellar ataxia 29, congenital nonprogressive",,HP:0004691,PMID:37964426,PCS,,1/1,,,P,ORCID:0000-0002-0736-9199[2024-07-17],2024-07-17
OMIM:117360,"Spinocerebellar ataxia 29, congenital nonprogressive",,HP:0100021,PMID:25981959;PMID:37821226;PMID:29925855;PMID:37964426;PMID:28488678;PMID:28620721;PMID:27062503;PMID:28826917;PMID:35743164;PMID:22986007;PMID:25794864,PCS,,4/48,,,P,ORCID:0000-0002-0736-9199[2024-07-17],2024-07-17
OMIM:117360,"Spinocerebellar ataxia 29, congenital nonprogressive",,HP:0011094,PMID:37821226,PCS,,1/1,,,P,ORCID:0000-0002-0736-9199[2024-07-17],2024-07-17
OMIM:117360,"Spinocerebellar ataxia 29, congenital nonprogressive",,HP:0000805,PMID:37964426,PCS,,1/1,,,P,ORCID:0000-0002-0736-9199[2024-07-17],2024-07-17
OMIM:117360,"Spinocerebellar ataxia 29, congenital nonprogressive",,HP:0000526,PMID:29925855;PMID:37964426,PCS,,1/6,,,P,ORCID:0000-0002-0736-9199[2024-07-17],2024-07-17
OMIM:117360,"Spinocerebellar ataxia 29, congenital nonprogressive",,HP:0002307,PMID:37964426,PCS,,1/1,,,P,ORCID:0000-0002-0736-9199[2024-07-17],2024-07-17
OMIM:117360,"Spinocerebellar ataxia 29, congenital nonprogressive",,HP:0007676,PMID:29925855;PMID:28488678,PCS,,1/13,,,P,ORCID:0000-0002-0736-9199[2024-07-17],2024-07-17
OMIM:117360,"Spinocerebellar ataxia 29, congenital nonprogressive",,HP:0002423,PMID:25981959,PCS,,0/1,,,P,ORCID:0000-0002-0736-9199[2024-07-17],2024-07-17
OMIM:117360,"Spinocerebellar ataxia 29, congenital nonprogressive",,HP:0001337,PMID:37964426;PMID:28620721;PMID:35743164,PCS,,4/5,,,P,ORCID:0000-0002-0736-9199[2024-07-17],2024-07-17
OMIM:117360,"Spinocerebellar ataxia 29, congenital nonprogressive",,HP:0001336,PMID:29925855;PMID:28826917,PCS,,3/6,,,P,ORCID:0000-0002-0736-9199[2024-07-17],2024-07-17
OMIM:117360,"Spinocerebellar ataxia 29, congenital nonprogressive",,HP:0001276,PMID:37821226,PCS,,1/1,,,P,ORCID:0000-0002-0736-9199[2024-07-17],2024-07-17
OMIM:117360,"Spinocerebellar ataxia 29, congenital nonprogressive",,HP:0003698,PMID:25794864,PCS,,4/4,,,P,ORCID:0000-0002-0736-9199[2024-07-17],2024-07-17
OMIM:117360,"Spinocerebellar ataxia 29, congenital nonprogressive",,HP:0000582,PMID:37964426,PCS,,1/1,,,P,ORCID:0000-0002-0736-9199[2024-07-17],2024-07-17
OMIM:117360,"Spinocerebellar ataxia 29, congenital nonprogressive",,HP:0002002,PMID:37821226,PCS,,2/2,,,P,ORCID:0000-0002-0736-9199[2024-07-17],2024-07-17
OMIM:117360,"Spinocerebellar ataxia 29, congenital nonprogressive",,HP:0001272,PMID:29925855;PMID:37964426;PMID:28488678;PMID:27062503;PMID:35743164;PMID:22986007;PMID:25794864,PCS,,21/25,,,P,ORCID:0000-0002-0736-9199[2024-07-17],2024-07-17
OMIM:117360,"Spinocerebellar ataxia 29, congenital nonprogressive",,HP:0002120,PMID:29925855,PCS,,0/2,,,P,ORCID:0000-0002-0736-9199[2024-07-17],2024-07-17
OMIM:117360,"Spinocerebellar ataxia 29, congenital nonprogressive",,HP:0034435,PMID:37821226,PCS,,2/2,,,P,ORCID:0000-0002-0736-9199[2024-07-17],2024-07-17
OMIM:117360,"Spinocerebellar ataxia 29, congenital nonprogressive",,HP:0100275,PMID:37964426;PMID:22986007;PMID:35743164,PCS,,3/14,,,P,ORCID:0000-0002-0736-9199[2024-07-17];HP:probinson[2022-03-14],2024-07-17
OMIM:117360,"Spinocerebellar ataxia 29, congenital nonprogressive",,HP:0100543,PMID:37821226;PMID:29925855,PCS,,4/5,,,P,ORCID:0000-0002-0736-9199[2024-07-17],2024-07-17
OMIM:117360,"Spinocerebellar ataxia 29, congenital nonprogressive",,HP:0000617,PMID:37964426,PCS,,1/1,,,P,ORCID:0000-0002-0736-9199[2024-07-17],2024-07-17
OMIM:117360,"Spinocerebellar ataxia 29, congenital nonprogressive",,HP:0100704,PMID:37964426,PCS,,1/1,,,P,ORCID:0000-0002-0736-9199[2024-07-17],2024-07-17
OMIM:117360,"Spinocerebellar ataxia 29, congenital nonprogressive",,HP:0000616,PMID:28620721,PCS,,3/3,,,P,ORCID:0000-0002-0736-9199[2024-07-17],2024-07-17
OMIM:117360,"Spinocerebellar ataxia 29, congenital nonprogressive",,HP:0100702,PMID:37964426,PCS,,1/1,,,P,ORCID:0000-0002-0736-9199[2024-07-17],2024-07-17
OMIM:117360,"Spinocerebellar ataxia 29, congenital nonprogressive",,HP:0009049,PMID:37821226,PCS,,1/1,,,P,ORCID:0000-0002-0736-9199[2024-07-17],2024-07-17
OMIM:117360,"Spinocerebellar ataxia 29, congenital nonprogressive",,HP:0000218,PMID:37821226,PCS,,2/2,,,P,ORCID:0000-0002-0736-9199[2024-07-17],2024-07-17
OMIM:117360,"Spinocerebellar ataxia 29, congenital nonprogressive",,HP:0002015,PMID:37821226;PMID:27062503;PMID:25794864,PCS,,1/9,,,P,ORCID:0000-0002-0736-9199[2024-07-17],2024-07-17
OMIM:117360,"Spinocerebellar ataxia 29, congenital nonprogressive",,HP:0002411,PMID:37821226;PMID:28826917,PCS,,3/3,,,P,ORCID:0000-0002-0736-9199[2024-07-17],2024-07-17
OMIM:117360,"Spinocerebellar ataxia 29, congenital nonprogressive",,HP:0001321,PMID:37964426,PCS,,3/6,,,P,ORCID:0000-0002-0736-9199[2024-07-17],2024-07-17
OMIM:117360,"Spinocerebellar ataxia 29, congenital nonprogressive",,HP:0002376,PMID:25981959,PCS,,0/1,,,P,ORCID:0000-0002-0736-9199[2024-07-17],2024-07-17
OMIM:117360,"Spinocerebellar ataxia 29, congenital nonprogressive",,HP:0001288,PMID:37964426,PCS,,2/2,,,P,ORCID:0000-0002-0736-9199[2024-07-17],2024-07-17
OMIM:117360,"Spinocerebellar ataxia 29, congenital nonprogressive",,HP:0000474,PMID:25981959,PCS,,1/1,,,P,ORCID:0000-0002-0736-9199[2024-07-17],2024-07-17
OMIM:117360,"Spinocerebellar ataxia 29, congenital nonprogressive",,HP:0004396,PMID:37821226,PCS,,1/1,,,P,ORCID:0000-0002-0736-9199[2024-07-17],2024-07-17
OMIM:117360,"Spinocerebellar ataxia 29, congenital nonprogressive",,HP:0005484,PMID:37964426,PCS,,1/1,,,P,ORCID:0000-0002-0736-9199[2024-07-17],2024-07-17
OMIM:117360,"Spinocerebellar ataxia 29, congenital nonprogressive",,HP:0000508,PMID:37821226;PMID:37964426,PCS,,4/4,,,P,ORCID:0000-0002-0736-9199[2024-07-17],2024-07-17
OMIM:117360,"Spinocerebellar ataxia 29, congenital nonprogressive",,HP:0009830,PMID:27062503;PMID:25794864,PCS,,0/8,,,P,ORCID:0000-0002-0736-9199[2024-07-17],2024-07-17
OMIM:117360,"Spinocerebellar ataxia 29, congenital nonprogressive",,HP:0007256,PMID:27062503;PMID:28826917;PMID:25794864,PCS,,0/10,,,P,ORCID:0000-0002-0736-9199[2024-07-17],2024-07-17
OMIM:117360,"Spinocerebellar ataxia 29, congenital nonprogressive",,HP:0001319,PMID:37964426;PMID:27062503,PCS,,4/4,,,P,ORCID:0000-0002-0736-9199[2024-07-17],2024-07-17
OMIM:117360,"Spinocerebellar ataxia 29, congenital nonprogressive",,HP:0002406,PMID:22986007,PCS,,2/2,,,P,ORCID:0000-0002-0736-9199[2024-07-17],2024-07-17
OMIM:117360,"Spinocerebellar ataxia 29, congenital nonprogressive",,HP:0004428,PMID:37821226,PCS,,2/2,,,P,ORCID:0000-0002-0736-9199[2024-07-17],2024-07-17
OMIM:117360,"Spinocerebellar ataxia 29, congenital nonprogressive",,HP:0002007,PMID:37821226,PCS,,3/3,,,P,ORCID:0000-0002-0736-9199[2024-07-17],2024-07-17
OMIM:117360,"Spinocerebellar ataxia 29, congenital nonprogressive",,HP:0002403,PMID:37821226,PCS,,1/1,,,P,ORCID:0000-0002-0736-9199[2024-07-17],2024-07-17
OMIM:117360,"Spinocerebellar ataxia 29, congenital nonprogressive",,HP:0004425,PMID:37821226,PCS,,1/1,,,P,ORCID:0000-0002-0736-9199[2024-07-17],2024-07-17
OMIM:117360,"Spinocerebellar ataxia 29, congenital nonprogressive",,HP:0002465,PMID:37821226,PCS,,2/2,,,P,ORCID:0000-0002-0736-9199[2024-07-17],2024-07-17
OMIM:117360,"Spinocerebellar ataxia 29, congenital nonprogressive",,HP:0002345,PMID:37964426,PCS,,1/1,,,P,ORCID:0000-0002-0736-9199[2024-07-17],2024-07-17
OMIM:117360,"Spinocerebellar ataxia 29, congenital nonprogressive",,HP:0010529,PMID:37821226,PCS,,1/1,,,P,ORCID:0000-0002-0736-9199[2024-07-17],2024-07-17
OMIM:117360,"Spinocerebellar ataxia 29, congenital nonprogressive",,HP:0002342,PMID:25981959;PMID:37964426;PMID:35743164;PMID:25794864,PCS,,7/7,,,P,ORCID:0000-0002-0736-9199[2024-07-17],2024-07-17
OMIM:117360,"Spinocerebellar ataxia 29, congenital nonprogressive",,HP:0000563,PMID:28620721,PCS,,1/1,,,P,ORCID:0000-0002-0736-9199[2024-07-17],2024-07-17
OMIM:117360,"Spinocerebellar ataxia 29, congenital nonprogressive",,HP:0001250,PMID:29925855;PMID:27062503;PMID:25794864,PCS,,0/13,,,P,ORCID:0000-0002-0736-9199[2024-07-17],2024-07-17
OMIM:117360,"Spinocerebellar ataxia 29, congenital nonprogressive",,HP:0001251,PMID:25981959;PMID:29925855;PMID:37964426;PMID:28620721;PMID:27062503;PMID:28826917;PMID:35743164;PMID:25794864,PCS,,30/30,,,P,ORCID:0000-0002-0736-9199[2024-07-17],2024-07-17
OMIM:117360,"Spinocerebellar ataxia 29, congenital nonprogressive",,HP:0012428,PMID:37821226,PCS,,1/1,,,P,ORCID:0000-0002-0736-9199[2024-07-17],2024-07-17
OMIM:117360,"Spinocerebellar ataxia 29, congenital nonprogressive",,HP:0003391,PMID:37821226,PCS,,1/1,,,P,ORCID:0000-0002-0736-9199[2024-07-17],2024-07-17
OMIM:117360,"Spinocerebellar ataxia 29, congenital nonprogressive",,HP:0033128,PMID:25981959;PMID:28826917,PCS,,2/2,,,P,ORCID:0000-0002-0736-9199[2024-07-17],2024-07-17
OMIM:117360,"Spinocerebellar ataxia 29, congenital nonprogressive",,HP:0007366,PMID:27062503;PMID:25794864,PCS,,4/8,,,P,ORCID:0000-0002-0736-9199[2024-07-17],2024-07-17
OMIM:117360,"Spinocerebellar ataxia 29, congenital nonprogressive",,HP:0020045,PMID:29925855;PMID:37964426,PCS,,2/2,,,P,ORCID:0000-0002-0736-9199[2024-07-17],2024-07-17
OMIM:117360,"Spinocerebellar ataxia 29, congenital nonprogressive",,HP:0025336,PMID:25981959;PMID:37964426;PMID:28620721;PMID:27062503;PMID:22986007;PMID:25794864,PCS,,16/16,,,P,ORCID:0000-0002-0736-9199[2024-07-17],2024-07-17
OMIM:117360,"Spinocerebellar ataxia 29, congenital nonprogressive",,HP:0007885,PMID:29925855;PMID:37964426,PCS,,2/2,,,P,ORCID:0000-0002-0736-9199[2024-07-17],2024-07-17
OMIM:117360,"Spinocerebellar ataxia 29, congenital nonprogressive",,HP:0007369,PMID:27062503,PCS,,0/4,,,P,ORCID:0000-0002-0736-9199[2024-07-17],2024-07-17
OMIM:117360,"Spinocerebellar ataxia 29, congenital nonprogressive",,HP:0003701,PMID:37964426;PMID:22986007,PCS,,1/2,,,P,ORCID:0000-0002-0736-9199[2024-07-17],2024-07-17
OMIM:117360,"Spinocerebellar ataxia 29, congenital nonprogressive",,HP:0020049,PMID:29925855,PCS,,1/1,,,P,ORCID:0000-0002-0736-9199[2024-07-17],2024-07-17
OMIM:117360,"Spinocerebellar ataxia 29, congenital nonprogressive",,HP:0001642,PMID:37964426,PCS,,1/1,,,P,ORCID:0000-0002-0736-9199[2024-07-17],2024-07-17
OMIM:117360,"Spinocerebellar ataxia 29, congenital nonprogressive",,HP:0001249,PMID:37821226;PMID:27062503;PMID:28826917;PMID:35743164,PCS,,4/8,,,P,ORCID:0000-0002-0736-9199[2024-07-17],2024-07-17
OMIM:117360,"Spinocerebellar ataxia 29, congenital nonprogressive",,HP:0000555,PMID:37821226,PCS,,2/3,,,P,ORCID:0000-0002-0736-9199[2024-07-17],2024-07-17
OMIM:117360,"Spinocerebellar ataxia 29, congenital nonprogressive",,HP:0002078,PMID:28488678,PCS,,6/6,,,P,ORCID:0000-0002-0736-9199[2024-07-17],2024-07-17
OMIM:117360,"Spinocerebellar ataxia 29, congenital nonprogressive",,HP:0025335,PMID:37821226,PCS,,2/2,,,P,ORCID:0000-0002-0736-9199[2024-07-17],2024-07-17
OMIM:117360,"Spinocerebellar ataxia 29, congenital nonprogressive",,HP:0011968,PMID:37821226,PCS,,1/1,,,P,ORCID:0000-0002-0736-9199[2024-07-17],2024-07-17
OMIM:117360,"Spinocerebellar ataxia 29, congenital nonprogressive",,HP:0006817,PMID:37964426,PCS,,1/1,,,P,ORCID:0000-0002-0736-9199[2024-07-17],2024-07-17
OMIM:117360,"Spinocerebellar ataxia 29, congenital nonprogressive",,HP:0000570,PMID:28620721,PCS,,0/3,,,P,ORCID:0000-0002-0736-9199[2024-07-17],2024-07-17
OMIM:117360,"Spinocerebellar ataxia 29, congenital nonprogressive",,HP:0001263,PMID:37964426;PMID:27062503;PMID:22986007;PMID:35743164,PCS,,9/11,,,P,ORCID:0000-0002-0736-9199[2024-07-17];HP:probinson[2022-03-14],2024-07-17
OMIM:117360,"Spinocerebellar ataxia 29, congenital nonprogressive",,HP:0033257,PMID:25981959;PMID:28826917;PMID:22986007;PMID:25794864,PCS,,7/7,,,P,ORCID:0000-0002-0736-9199[2024-07-17],2024-07-17
OMIM:117360,"Spinocerebellar ataxia 29, congenital nonprogressive",,HP:0002071,PMID:28488678;PMID:27062503;PMID:25794864,PCS,,6/14,,,P,ORCID:0000-0002-0736-9199[2024-07-17],2024-07-17
OMIM:117360,"Spinocerebellar ataxia 29, congenital nonprogressive",,HP:0012896,PMID:29925855,PCS,,0/2,,,P,ORCID:0000-0002-0736-9199[2024-07-17],2024-07-17
OMIM:117360,"Spinocerebellar ataxia 29, congenital nonprogressive",,HP:0000448,PMID:37821226,PCS,,2/2,,,P,ORCID:0000-0002-0736-9199[2024-07-17],2024-07-17
OMIM:117360,"Spinocerebellar ataxia 29, congenital nonprogressive",,HP:0002505,PMID:28826917,PCS,,1/1,,,P,ORCID:0000-0002-0736-9199[2024-07-17],2024-07-17
OMIM:117360,"Spinocerebellar ataxia 29, congenital nonprogressive",,HP:0000565,PMID:37821226,PCS,,1/1,,,P,ORCID:0000-0002-0736-9199[2024-07-17],2024-07-17
OMIM:117360,"Spinocerebellar ataxia 29, congenital nonprogressive",,HP:0002346,PMID:28488678,PCS,,6/6,,,P,ORCID:0000-0002-0736-9199[2024-07-17],2024-07-17
OMIM:117360,"Spinocerebellar ataxia 29, congenital nonprogressive",,HP:0002169,PMID:28488678,PCS,,4/6,,,P,ORCID:0000-0002-0736-9199[2024-07-17],2024-07-17
OMIM:117360,"Spinocerebellar ataxia 29, congenital nonprogressive",,HP:0007979,PMID:37964426,PCS,,1/1,,,P,ORCID:0000-0002-0736-9199[2024-07-17],2024-07-17
OMIM:117360,"Spinocerebellar ataxia 29, congenital nonprogressive",,HP:0007859,PMID:37964426,PCS,,1/1,,,P,ORCID:0000-0002-0736-9199[2024-07-17],2024-07-17
OMIM:117360,"Spinocerebellar ataxia 29, congenital nonprogressive",,HP:0002442,PMID:29925855;PMID:37964426,PCS,,2/2,,,P,ORCID:0000-0002-0736-9199[2024-07-17],2024-07-17
OMIM:117360,"Spinocerebellar ataxia 29, congenital nonprogressive",,HP:0000540,PMID:37964426,PCS,,2/2,,,P,ORCID:0000-0002-0736-9199[2024-07-17],2024-07-17
OMIM:117360,"Spinocerebellar ataxia 29, congenital nonprogressive",,HP:0430025,PMID:37821226,PCS,,1/1,,,P,ORCID:0000-0002-0736-9199[2024-07-17],2024-07-17
OMIM:117360,"Spinocerebellar ataxia 29, congenital nonprogressive",,HP:0001350,PMID:27062503;PMID:35743164;PMID:25794864,PCS,,10/10,,,P,ORCID:0000-0002-0736-9199[2024-07-17],2024-07-17
OMIM:117360,"Spinocerebellar ataxia 29, congenital nonprogressive",,HP:0010862,PMID:37821226,PCS,,1/1,,,P,ORCID:0000-0002-0736-9199[2024-07-17],2024-07-17
OMIM:117360,"Spinocerebellar ataxia 29, congenital nonprogressive",,HP:0031491,PMID:22986007,PCS,,2/2,,,P,ORCID:0000-0002-0736-9199[2024-07-17],2024-07-17
OMIM:117360,"Spinocerebellar ataxia 29, congenital nonprogressive",,HP:0007340,PMID:37964426;PMID:22986007,PCS,,1/2,,,P,ORCID:0000-0002-0736-9199[2024-07-17],2024-07-17
OMIM:117360,"Spinocerebellar ataxia 29, congenital nonprogressive",,HP:0000657,PMID:29925855;PMID:28620721;PMID:27062503;PMID:35743164;PMID:25794864,PCS,,10/20,,,P,ORCID:0000-0002-0736-9199[2024-07-17],2024-07-17
OMIM:117360,"Spinocerebellar ataxia 29, congenital nonprogressive",,HP:0001627,PMID:37964426,PCS,,1/1,,,P,ORCID:0000-0002-0736-9199[2024-07-17],2024-07-17
OMIM:117360,"Spinocerebellar ataxia 29, congenital nonprogressive",,HP:0001348,PMID:25981959,PCS,,1/1,,,P,ORCID:0000-0002-0736-9199[2024-07-17],2024-07-17
OMIM:117360,"Spinocerebellar ataxia 29, congenital nonprogressive",,HP:0001347,PMID:37821226;PMID:28488678;PMID:22986007,PCS,,4/5,,,P,ORCID:0000-0002-0736-9199[2024-07-17],2024-07-17
OMIM:117360,"Spinocerebellar ataxia 29, congenital nonprogressive",,HP:0002179,PMID:37821226,PCS,,1/1,,,P,ORCID:0000-0002-0736-9199[2024-07-17],2024-07-17
OMIM:117360,"Spinocerebellar ataxia 29, congenital nonprogressive",,HP:0002059,PMID:29925855,PCS,,1/1,,,P,ORCID:0000-0002-0736-9199[2024-07-17],2024-07-17
OMIM:117360,"Spinocerebellar ataxia 29, congenital nonprogressive",,HP:0008935,PMID:37821226,PCS,,1/1,,,P,ORCID:0000-0002-0736-9199[2024-07-17],2024-07-17
OMIM:117360,"Spinocerebellar ataxia 29, congenital nonprogressive",,HP:0031936,PMID:25981959;PMID:37821226;PMID:37964426;PMID:27062503;PMID:28826917;PMID:22986007,PCS,,12/14,,,P,ORCID:0000-0002-0736-9199[2024-07-17];HP:probinson[2022-03-14],2024-07-17
OMIM:117360,"Spinocerebellar ataxia 29, congenital nonprogressive",,HP:0002174,PMID:28488678;PMID:27062503;PMID:28826917;PMID:25794864,PCS,,15/16,,,P,ORCID:0000-0002-0736-9199[2024-07-17],2024-07-17
OMIM:117360,"Spinocerebellar ataxia 29, congenital nonprogressive",,HP:0032988,PMID:37964426,PCS,,1/1,,,P,ORCID:0000-0002-0736-9199[2024-07-17],2024-07-17
OMIM:117360,"Spinocerebellar ataxia 29, congenital nonprogressive",,HP:0001518,PMID:37821226,PCS,,2/2,,,P,ORCID:0000-0002-0736-9199[2024-07-17],2024-07-17
OMIM:117360,"Spinocerebellar ataxia 29, congenital nonprogressive",,HP:0033683,PMID:37821226,PCS,,1/1,,,P,ORCID:0000-0002-0736-9199[2024-07-17],2024-07-17
OMIM:117360,"Spinocerebellar ataxia 29, congenital nonprogressive",,HP:0001999,PMID:35743164,PCS,,1/1,,,P,ORCID:0000-0002-0736-9199[2024-07-17],2024-07-17
OMIM:117360,"Spinocerebellar ataxia 29, congenital nonprogressive",,HP:0009878,PMID:37964426;PMID:28488678,PCS,,7/7,,,P,ORCID:0000-0002-0736-9199[2024-07-17],2024-07-17
OMIM:117360,"Spinocerebellar ataxia 29, congenital nonprogressive",,HP:0001631,PMID:28620721,PCS,,1/1,,,P,ORCID:0000-0002-0736-9199[2024-07-17],2024-07-17
OMIM:117360,"Spinocerebellar ataxia 29, congenital nonprogressive",,HP:0000028,PMID:35743164,PCS,,1/1,,,P,ORCID:0000-0002-0736-9199[2024-07-17],2024-07-17
OMIM:117360,"Spinocerebellar ataxia 29, congenital nonprogressive",,HP:0000666,PMID:37964426,PCS,,1/1,,,P,ORCID:0000-0002-0736-9199[2024-07-17],2024-07-17
OMIM:618977,Optic atrophy 12,,HP:0002487,PMID:32219868,PCS,,1/23,,,P,ORCID:0000-0002-0736-9199[2025-10-19],2025-10-19
OMIM:618977,Optic atrophy 12,,HP:0003477,PMID:32219868,PCS,,1/1,,,P,ORCID:0000-0002-0736-9199[2025-10-19],2025-10-19
OMIM:618977,Optic atrophy 12,,HP:0000365,PMID:29181157;PMID:32219868,PCS,,1/3,,,P,ORCID:0000-0002-0736-9199[2025-10-19],2025-10-19
OMIM:618977,Optic atrophy 12,,HP:0001256,PMID:29181157;PMID:26539208;PMID:32219868,PCS,,2/25,,,P,ORCID:0000-0002-0736-9199[2025-10-19],2025-10-19
OMIM:618977,Optic atrophy 12,,HP:0001332,PMID:32219868,PCS,,2/22,,,P,ORCID:0000-0002-0736-9199[2025-10-19],2025-10-19
OMIM:618977,Optic atrophy 12,,HP:0002066,PMID:32219868,PCS,,2/2,,,P,ORCID:0000-0002-0736-9199[2025-10-19],2025-10-19
OMIM:618977,Optic atrophy 12,,HP:6000397,PMID:32600459,PCS,,1/1,,,P,ORCID:0000-0002-0736-9199[2025-10-19],2025-10-19
OMIM:618977,Optic atrophy 12,,HP:0001252,PMID:32219868,PCS,,1/1,,,P,ORCID:0000-0002-0736-9199[2025-10-19],2025-10-19
OMIM:618977,Optic atrophy 12,,HP:0001251,PMID:29181157;PMID:26539208;PMID:32600459;PMID:32219868,PCS,,1/24,,,P,ORCID:0000-0002-0736-9199[2025-10-19],2025-10-19
OMIM:618977,Optic atrophy 12,,HP:0002064,PMID:32219868,PCS,,1/1,,,P,ORCID:0000-0002-0736-9199[2025-10-19],2025-10-19
OMIM:618977,Optic atrophy 12,,HP:0000716,PMID:32219868,PCS,,1/23,,,P,ORCID:0000-0002-0736-9199[2025-10-19],2025-10-19
OMIM:618977,Optic atrophy 12,,HP:0000639,PMID:32219868,PCS,,2/2,,,P,ORCID:0000-0002-0736-9199[2025-10-19],2025-10-19
OMIM:618977,Optic atrophy 12,,HP:0000618,PMID:32219868,PCS,,3/3,,,P,ORCID:0000-0002-0736-9199[2025-10-19],2025-10-19
OMIM:618977,Optic atrophy 12,,HP:0000597,PMID:32219868,PCS,,1/1,,,P,ORCID:0000-0002-0736-9199[2025-10-19],2025-10-19
OMIM:618977,Optic atrophy 12,,HP:0000575,PMID:26539208,PCS,,0/1,,,P,ORCID:0000-0002-0736-9199[2025-10-19],2025-10-19
OMIM:618977,Optic atrophy 12,,HP:0000512,PMID:29181157;PMID:32600459,PCS,,0/2,,,P,ORCID:0000-0002-0736-9199[2025-10-19],2025-10-19
OMIM:618977,Optic atrophy 12,,HP:0007305,PMID:32600459,PCS,,1/1,,,P,ORCID:0000-0002-0736-9199[2025-10-19],2025-10-19
OMIM:618977,Optic atrophy 12,,HP:0002313,PMID:32219868,PCS,,1/2,,,P,ORCID:0000-0002-0736-9199[2025-10-19],2025-10-19
OMIM:618977,Optic atrophy 12,,HP:0001347,PMID:32219868,PCS,,1/1,,,P,ORCID:0000-0002-0736-9199[2025-10-19],2025-10-19
OMIM:618977,Optic atrophy 12,,HP:0000473,PMID:32219868,PCS,,1/3,,,P,ORCID:0000-0002-0736-9199[2025-10-19],2025-10-19
OMIM:618977,Optic atrophy 12,,HP:0002059,PMID:32219868,PCS,,1/1,,,P,ORCID:0000-0002-0736-9199[2025-10-19],2025-10-19
OMIM:618977,Optic atrophy 12,,HP:0006934,PMID:26539208;PMID:32219868,PCS,,1/24,,,P,ORCID:0000-0002-0736-9199[2025-10-19],2025-10-19
OMIM:618977,Optic atrophy 12,,HP:0008619,PMID:32219868,PCS,,1/1,,,P,ORCID:0000-0002-0736-9199[2025-10-19],2025-10-19
OMIM:618977,Optic atrophy 12,,HP:0000551,PMID:32219868,PCS,,20/22,,,P,ORCID:0000-0002-0736-9199[2025-10-19],2025-10-19
OMIM:618977,Optic atrophy 12,,HP:0002072,PMID:32219868,PCS,,1/23,,,P,ORCID:0000-0002-0736-9199[2025-10-19],2025-10-19
OMIM:618977,Optic atrophy 12,,HP:0020119,PMID:32219868,PCS,,22/22,,,P,ORCID:0000-0002-0736-9199[2025-10-19],2025-10-19
OMIM:618977,Optic atrophy 12,,HP:0000649,PMID:29181157;PMID:32600459,PCS,,2/2,,,P,ORCID:0000-0002-0736-9199[2025-10-19],2025-10-19
OMIM:618977,Optic atrophy 12,,HP:0000407,PMID:26539208;PMID:32219868,PCS,,4/22,,,P,ORCID:0000-0002-0736-9199[2025-10-19],2025-10-19
OMIM:618977,Optic atrophy 12,,HP:0001317,PMID:32219868,PCS,,0/23,,,P,ORCID:0000-0002-0736-9199[2025-10-19],2025-10-19
OMIM:618977,Optic atrophy 12,,HP:0009830,PMID:29181157,PCS,,1/1,,,P,ORCID:0000-0002-0736-9199[2025-10-19],2025-10-19
OMIM:618977,Optic atrophy 12,,HP:0000642,PMID:26539208,PCS,,1/1,,,P,ORCID:0000-0002-0736-9199[2025-10-19],2025-10-19
OMIM:618977,Optic atrophy 12,,HP:0001257,PMID:29181157;PMID:26539208;PMID:32219868,PCS,,1/24,,,P,ORCID:0000-0002-0736-9199[2025-10-19],2025-10-19
OMIM:618977,Optic atrophy 12,,HP:0000501,PMID:32219868,PCS,,1/1,,,P,ORCID:0000-0002-0736-9199[2025-10-19],2025-10-19
OMIM:618977,Optic atrophy 12,,HP:0001336,PMID:32219868,PCS,,1/23,,,P,ORCID:0000-0002-0736-9199[2025-10-19],2025-10-19
OMIM:256810,Mitochondrial DNA depletion syndrome 6 (hepatocerebral type),,HP:0001298,PMID:23714749,PCS,,3/17,,,P,ORCID:0000-0002-0736-9199[2024-10-26],2024-10-26
OMIM:256810,Mitochondrial DNA depletion syndrome 6 (hepatocerebral type),,HP:0000121,PMID:27536553,PCS,,1/4,,,P,ORCID:0000-0002-0736-9199[2024-10-26],2024-10-26
OMIM:256810,Mitochondrial DNA depletion syndrome 6 (hepatocerebral type),,HP:0003477,PMID:24190800;PMID:22508010;PMID:34979697;PMID:22964873,PCS,,4/4,,,P,ORCID:0000-0002-0736-9199[2024-10-26],2024-10-26
OMIM:256810,Mitochondrial DNA depletion syndrome 6 (hepatocerebral type),,HP:0000365,PMID:22964873,PCS,,1/1,,,P,ORCID:0000-0002-0736-9199[2024-10-26],2024-10-26
OMIM:256810,Mitochondrial DNA depletion syndrome 6 (hepatocerebral type),,HP:0001332,PMID:18695062;OMIM:256810,PCS,,11/13,,,P,ORCID:0000-0002-0736-9199[2024-10-26];HPO:skoehler[2012-10-17],2024-10-26
OMIM:256810,Mitochondrial DNA depletion syndrome 6 (hepatocerebral type),,HP:0030059,PMID:20074988,PCS,,7/7,,,P,ORCID:0000-0002-0736-9199[2024-10-26],2024-10-26
OMIM:256810,Mitochondrial DNA depletion syndrome 6 (hepatocerebral type),,HP:0003231,PMID:18695062;PMID:31664948;PMID:22824774,PCS,,4/4,,,P,ORCID:0000-0002-0736-9199[2024-10-26],2024-10-26
OMIM:256810,Mitochondrial DNA depletion syndrome 6 (hepatocerebral type),,HP:0002141,PMID:26437932,PCS,,1/1,,,P,ORCID:0000-0002-0736-9199[2024-10-26],2024-10-26
OMIM:256810,Mitochondrial DNA depletion syndrome 6 (hepatocerebral type),,HP:0002020,PMID:20074988,PCS,,3/7,,,P,ORCID:0000-0002-0736-9199[2024-10-26],2024-10-26
OMIM:256810,Mitochondrial DNA depletion syndrome 6 (hepatocerebral type),,HP:0002380,PMID:23829229;PMID:22824774,PCS,,2/3,,,P,ORCID:0000-0002-0736-9199[2024-10-26],2024-10-26
OMIM:256810,Mitochondrial DNA depletion syndrome 6 (hepatocerebral type),,HP:0001290,PMID:18329934,PCS,,1/1,,,P,ORCID:0000-0002-0736-9199[2024-10-26],2024-10-26
OMIM:256810,Mitochondrial DNA depletion syndrome 6 (hepatocerebral type),,HP:0003073,PMID:29318572;PMID:28209105;PMID:22824774;PMID:28673863,PCS,,3/4,,,P,ORCID:0000-0002-0736-9199[2024-10-26],2024-10-26
OMIM:256810,Mitochondrial DNA depletion syndrome 6 (hepatocerebral type),,HP:0033051,PMID:24190800;PMID:26437932;PMID:28673863,PCS,,1/3,,,P,ORCID:0000-0002-0736-9199[2024-10-26],2024-10-26
OMIM:256810,Mitochondrial DNA depletion syndrome 6 (hepatocerebral type),,HP:0000639,PMID:18695062;PMID:23829229;OMIM:256810,PCS,,12/14,,,P,ORCID:0000-0002-0736-9199[2024-10-26];HPO:skoehler[2012-10-17],2024-10-26
OMIM:256810,Mitochondrial DNA depletion syndrome 6 (hepatocerebral type),,HP:0001324,PMID:23829229;PMID:20074988;PMID:31664948,PCS,,5/9,,,P,ORCID:0000-0002-0736-9199[2024-10-26],2024-10-26
OMIM:256810,Mitochondrial DNA depletion syndrome 6 (hepatocerebral type),,HP:0000114,PMID:20074988,PCS,,3/7,,,P,ORCID:0000-0002-0736-9199[2024-10-26],2024-10-26
OMIM:256810,Mitochondrial DNA depletion syndrome 6 (hepatocerebral type),,HP:0002019,PMID:22964873,PCS,,1/1,,,P,ORCID:0000-0002-0736-9199[2024-10-26],2024-10-26
OMIM:256810,Mitochondrial DNA depletion syndrome 6 (hepatocerebral type),,HP:0000597,PMID:26437932;PMID:22964873,PCS,,1/2,,,P,ORCID:0000-0002-0736-9199[2024-10-26],2024-10-26
OMIM:256810,Mitochondrial DNA depletion syndrome 6 (hepatocerebral type),,HP:0002311,PMID:28673863,PCS,,1/1,,,P,ORCID:0000-0002-0736-9199[2024-10-26],2024-10-26
OMIM:256810,Mitochondrial DNA depletion syndrome 6 (hepatocerebral type),,HP:0031956,PMID:23829229;PMID:27536553;PMID:28209105;PMID:22824774;PMID:26437932;PMID:24894789;PMID:34035203;PMID:18695062;PMID:29318572;PMID:31664948;PMID:16909392;PMID:34979697;PMID:18329934,PCS,,21/24,,,P,ORCID:0000-0002-0736-9199[2024-10-26];HPO:probinson[2022-12-13],2024-10-26
OMIM:256810,Mitochondrial DNA depletion syndrome 6 (hepatocerebral type),,HP:0000252,PMID:18695062;PMID:20074988;PMID:23714749;PMID:24894789,PCS,,4/26,,,P,ORCID:0000-0002-0736-9199[2024-10-26],2024-10-26
OMIM:256810,Mitochondrial DNA depletion syndrome 6 (hepatocerebral type),,HP:0006858,PMID:24190800;PMID:22508010;PMID:34979697;PMID:28673863;PMID:26437932,PCS,,6/6,,,P,ORCID:0000-0002-0736-9199[2024-10-26],2024-10-26
OMIM:256810,Mitochondrial DNA depletion syndrome 6 (hepatocerebral type),,HP:0002033,PMID:31664948,PCS,,2/2,,,P,ORCID:0000-0002-0736-9199[2024-10-26],2024-10-26
OMIM:256810,Mitochondrial DNA depletion syndrome 6 (hepatocerebral type),,HP:0002151,PMID:18695062;PMID:29318572;PMID:20074988;PMID:27536553;PMID:22824774;PMID:25129007;PMID:26437932;PMID:34979697;PMID:23714749;PMID:28673863;PMID:22964873;PMID:24894789,PCS,,29/40,,,P,ORCID:0000-0002-0736-9199[2024-10-26],2024-10-26
OMIM:256810,Mitochondrial DNA depletion syndrome 6 (hepatocerebral type),,HP:0011923,PMID:16909392;PMID:23714749,PCS,,5/8,,,P,ORCID:0000-0002-0736-9199[2024-10-26];HPO:probinson[2022-12-13];HPO:probinson[2022-12-13],2024-10-26
OMIM:256810,Mitochondrial DNA depletion syndrome 6 (hepatocerebral type),,HP:0034397,PMID:22508010,PCS,,1/1,,,P,ORCID:0000-0002-0736-9199[2024-10-26],2024-10-26
OMIM:256810,Mitochondrial DNA depletion syndrome 6 (hepatocerebral type),,HP:0006581,PMID:18695062;PMID:20074988;PMID:22824774;PMID:16909392;PMID:23714749,PCS,,15/15,,,P,ORCID:0000-0002-0736-9199[2024-10-26],2024-10-26
OMIM:256810,Mitochondrial DNA depletion syndrome 6 (hepatocerebral type),,HP:0001733,PMID:20074988,PCS,,2/7,,,P,ORCID:0000-0002-0736-9199[2024-10-26],2024-10-26
OMIM:256810,Mitochondrial DNA depletion syndrome 6 (hepatocerebral type),,HP:0001612,PMID:31664948,PCS,,1/1,,,P,ORCID:0000-0002-0736-9199[2024-10-26],2024-10-26
OMIM:256810,Mitochondrial DNA depletion syndrome 6 (hepatocerebral type),,HP:0001397,PMID:18695062;PMID:27536553;PMID:22508010;PMID:16909392;PMID:23714749;PMID:25129007,PCS,,16/23,,,P,ORCID:0000-0002-0736-9199[2024-10-26];HPO:probinson[2022-12-13],2024-10-26
OMIM:256810,Mitochondrial DNA depletion syndrome 6 (hepatocerebral type),,HP:0001396,PMID:18695062;PMID:33486010;PMID:23829229;PMID:20074988;PMID:27536553;PMID:16909392;PMID:23714749,PCS,,13/13,,,P,ORCID:0000-0002-0736-9199[2024-10-26];HPO:probinson[2022-12-13],2024-10-26
OMIM:256810,Mitochondrial DNA depletion syndrome 6 (hepatocerebral type),,HP:0001399,PMID:18695062;PMID:23829229;PMID:20074988;PMID:31664948;PMID:27536553;PMID:16909392;PMID:22824774;PMID:23714749;PMID:34979697;PMID:25129007,PCS,,34/44,,,P,ORCID:0000-0002-0736-9199[2024-10-26];HPO:probinson[2022-12-13],2024-10-26
OMIM:256810,Mitochondrial DNA depletion syndrome 6 (hepatocerebral type),,HP:0001271,PMID:33486010;PMID:23829229;PMID:18329934,PCS,,3/3,,,P,ORCID:0000-0002-0736-9199[2024-10-26],2024-10-26
OMIM:256810,Mitochondrial DNA depletion syndrome 6 (hepatocerebral type),,HP:0001394,PMID:33486010;PMID:20074988;PMID:24190800;PMID:31664948;PMID:28209105;PMID:22508010;PMID:16909392;PMID:23714749;PMID:18329934,PCS,,11/32,,,P,ORCID:0000-0002-0736-9199[2024-10-26];HPO:iea[2009-02-17];HPO:probinson[2022-12-13],2024-10-26
OMIM:256810,Mitochondrial DNA depletion syndrome 6 (hepatocerebral type),,HP:0002240,PMID:33486010;PMID:23829229;PMID:20074988;PMID:24190800;PMID:27536553;PMID:22508010;PMID:22824774;PMID:26437932;PMID:24894789;PMID:34035203;PMID:18695062;PMID:29318572;PMID:16909392;PMID:28673863;PMID:34979697;PMID:25129007,PCS,,24/35,,,P,ORCID:0000-0002-0736-9199[2024-10-26];HPO:iea[2009-02-17];HPO:probinson[2022-12-13],2024-10-26
OMIM:256810,Mitochondrial DNA depletion syndrome 6 (hepatocerebral type),,HP:0000580,PMID:18329934;PMID:24894789,PCS,,2/2,,,P,ORCID:0000-0002-0736-9199[2024-10-26],2024-10-26
OMIM:256810,Mitochondrial DNA depletion syndrome 6 (hepatocerebral type),,HP:0032653,PMID:27536553;PMID:34979697;PMID:34035203,PCS,,5/6,,,P,ORCID:0000-0002-0736-9199[2024-10-26],2024-10-26
OMIM:256810,Mitochondrial DNA depletion syndrome 6 (hepatocerebral type),,HP:0001270,PMID:16909392;PMID:26437932,PCS,,4/8,,,P,ORCID:0000-0002-0736-9199[2024-10-26];HPO:probinson[2022-12-13];HPO:probinson[2022-12-13],2024-10-26
OMIM:256810,Mitochondrial DNA depletion syndrome 6 (hepatocerebral type),,HP:0012202,PMID:18695062;PMID:23829229,PCS,,2/2,,,P,ORCID:0000-0002-0736-9199[2024-10-26],2024-10-26
OMIM:256810,Mitochondrial DNA depletion syndrome 6 (hepatocerebral type),,HP:0010547,PMID:28673863,PCS,,1/1,,,P,ORCID:0000-0002-0736-9199[2024-10-26],2024-10-26
OMIM:256810,Mitochondrial DNA depletion syndrome 6 (hepatocerebral type),,HP:0031964,PMID:23829229;PMID:27536553;PMID:28209105;PMID:22824774;PMID:26437932;PMID:24894789;PMID:34035203;PMID:18695062;PMID:29318572;PMID:31664948;PMID:16909392;PMID:34979697;PMID:18329934,PCS,,21/24,,,P,ORCID:0000-0002-0736-9199[2024-10-26];HPO:probinson[2022-12-13],2024-10-26
OMIM:256810,Mitochondrial DNA depletion syndrome 6 (hepatocerebral type),,HP:0012573,PMID:18329934,PCS,,1/1,,,P,ORCID:0000-0002-0736-9199[2024-10-26],2024-10-26
OMIM:256810,Mitochondrial DNA depletion syndrome 6 (hepatocerebral type),,HP:0001944,PMID:18695062;PMID:23829229;PMID:22824774,PCS,,3/3,,,P,ORCID:0000-0002-0736-9199[2024-10-26],2024-10-26
OMIM:256810,Mitochondrial DNA depletion syndrome 6 (hepatocerebral type),,HP:0040319,PMID:31664948,PCS,,1/2,,,P,ORCID:0000-0002-0736-9199[2024-10-26],2024-10-26
OMIM:256810,Mitochondrial DNA depletion syndrome 6 (hepatocerebral type),,HP:0001943,PMID:18695062;PMID:33486010;PMID:23829229;PMID:29318572;PMID:20074988;PMID:27536553;PMID:28209105;PMID:16909392;PMID:22824774;PMID:26437932;PMID:23714749;PMID:18329934,PCS,,25/45,,,P,ORCID:0000-0002-0736-9199[2024-10-26];HPO:skoehler[2012-10-17];HPO:probinson[2022-12-13],2024-10-26
OMIM:256810,Mitochondrial DNA depletion syndrome 6 (hepatocerebral type),,HP:0006970,PMID:18695062;PMID:20074988;PMID:18329934,PCS,,3/11,,,P,ORCID:0000-0002-0736-9199[2024-10-26],2024-10-26
OMIM:256810,Mitochondrial DNA depletion syndrome 6 (hepatocerebral type),,HP:0003689,PMID:22508010;PMID:22964873,PCS,,2/2,,,P,ORCID:0000-0002-0736-9199[2024-10-26],2024-10-26
OMIM:256810,Mitochondrial DNA depletion syndrome 6 (hepatocerebral type),,HP:0003326,PMID:28673863,PCS,,1/1,,,P,ORCID:0000-0002-0736-9199[2024-10-26],2024-10-26
OMIM:256810,Mitochondrial DNA depletion syndrome 6 (hepatocerebral type),,HP:0002014,OMIM:256810;PMID:20074988;PMID:24894789,PCS,,14/18,,,P,ORCID:0000-0002-0736-9199[2024-10-26];HPO:skoehler[2012-10-17],2024-10-26
OMIM:256810,Mitochondrial DNA depletion syndrome 6 (hepatocerebral type),,HP:0002015,PMID:28673863,PCS,,0/1,,,P,ORCID:0000-0002-0736-9199[2024-10-26],2024-10-26
OMIM:256810,Mitochondrial DNA depletion syndrome 6 (hepatocerebral type),,HP:0002650,PMID:33486010;PMID:26437932,PCS,,2/2,,,P,ORCID:0000-0002-0736-9199[2024-10-26],2024-10-26
OMIM:256810,Mitochondrial DNA depletion syndrome 6 (hepatocerebral type),,HP:0002376,PMID:18329934,PCS,,1/1,,,P,ORCID:0000-0002-0736-9199[2024-10-26],2024-10-26
OMIM:256810,Mitochondrial DNA depletion syndrome 6 (hepatocerebral type),,HP:0001288,PMID:26437932,PCS,,1/1,,,P,ORCID:0000-0002-0736-9199[2024-10-26],2024-10-26
OMIM:256810,Mitochondrial DNA depletion syndrome 6 (hepatocerebral type),,HP:0002013,PMID:23829229;OMIM:256810;PMID:23714749;PMID:18329934,PCS,,15/30,,,P,ORCID:0000-0002-0736-9199[2024-10-26];HPO:skoehler[2012-10-17],2024-10-26
OMIM:256810,Mitochondrial DNA depletion syndrome 6 (hepatocerebral type),,HP:0002495,PMID:24190800;PMID:22508010;PMID:28673863;PMID:34979697;PMID:26437932,PCS,,6/6,,,P,ORCID:0000-0002-0736-9199[2024-10-26],2024-10-26
OMIM:256810,Mitochondrial DNA depletion syndrome 6 (hepatocerebral type),,HP:0001284,PMID:22508010;PMID:16909392;PMID:22824774;PMID:26437932;PMID:18329934,PCS,,8/9,,,P,ORCID:0000-0002-0736-9199[2024-10-26];HPO:iea[2009-02-17];HPO:probinson[2022-12-13],2024-10-26
OMIM:256810,Mitochondrial DNA depletion syndrome 6 (hepatocerebral type),,HP:0002490,PMID:23829229,PCS,,1/1,,,P,ORCID:0000-0002-0736-9199[2024-10-26],2024-10-26
OMIM:256810,Mitochondrial DNA depletion syndrome 6 (hepatocerebral type),,HP:0034323,PMID:23714749,PCS,,1/17,,,P,ORCID:0000-0002-0736-9199[2024-10-26],2024-10-26
OMIM:256810,Mitochondrial DNA depletion syndrome 6 (hepatocerebral type),,HP:0100560,PMID:28673863,PCS,,1/1,,,P,ORCID:0000-0002-0736-9199[2024-10-26],2024-10-26
OMIM:256810,Mitochondrial DNA depletion syndrome 6 (hepatocerebral type),,HP:0011900,PMID:28209105,PCS,,1/1,,,P,ORCID:0000-0002-0736-9199[2024-10-26],2024-10-26
OMIM:256810,Mitochondrial DNA depletion syndrome 6 (hepatocerebral type),,HP:0034295,PMID:20074988,PCS,,1/7,,,P,ORCID:0000-0002-0736-9199[2024-10-26],2024-10-26
OMIM:256810,Mitochondrial DNA depletion syndrome 6 (hepatocerebral type),,HP:0000869,PMID:24190800,PCS,,1/1,,,P,ORCID:0000-0002-0736-9199[2024-10-26],2024-10-26
OMIM:256810,Mitochondrial DNA depletion syndrome 6 (hepatocerebral type),,HP:0100559,PMID:28673863,PCS,,1/1,,,P,ORCID:0000-0002-0736-9199[2024-10-26],2024-10-26
OMIM:256810,Mitochondrial DNA depletion syndrome 6 (hepatocerebral type),,HP:0000508,PMID:22964873,PCS,,1/1,,,P,ORCID:0000-0002-0736-9199[2024-10-26],2024-10-26
OMIM:256810,Mitochondrial DNA depletion syndrome 6 (hepatocerebral type),,HP:0030890,PMID:18695062;PMID:24190800;PMID:31664948;PMID:22508010;PMID:22824774;PMID:28673863;PMID:34035203,PCS,,5/7,,,P,ORCID:0000-0002-0736-9199[2024-10-26],2024-10-26
OMIM:256810,Mitochondrial DNA depletion syndrome 6 (hepatocerebral type),,HP:0009830,PMID:20074988;PMID:16909392;PMID:23714749,PCS,,8/29,,,P,ORCID:0000-0002-0736-9199[2024-10-26];HPO:probinson[2022-12-13],2024-10-26
OMIM:256810,Mitochondrial DNA depletion syndrome 6 (hepatocerebral type),,HP:0008347,PMID:16909392;PMID:23714749,PCS,,6/8,,,P,ORCID:0000-0002-0736-9199[2024-10-26];HPO:probinson[2022-12-13];HPO:probinson[2022-12-13],2024-10-26
OMIM:256810,Mitochondrial DNA depletion syndrome 6 (hepatocerebral type),,HP:0002922,PMID:22508010,PCS,,1/1,,,P,ORCID:0000-0002-0736-9199[2024-10-26],2024-10-26
OMIM:256810,Mitochondrial DNA depletion syndrome 6 (hepatocerebral type),,HP:0002403,PMID:28673863;PMID:34979697,PCS,,2/2,,,P,ORCID:0000-0002-0736-9199[2024-10-26],2024-10-26
OMIM:256810,Mitochondrial DNA depletion syndrome 6 (hepatocerebral type),,HP:0003458,PMID:28673863,PCS,,1/1,,,P,ORCID:0000-0002-0736-9199[2024-10-26],2024-10-26
OMIM:256810,Mitochondrial DNA depletion syndrome 6 (hepatocerebral type),,HP:0002188,PMID:18695062;PMID:27536553,PCS,,1/4,,,P,ORCID:0000-0002-0736-9199[2024-10-26],2024-10-26
OMIM:256810,Mitochondrial DNA depletion syndrome 6 (hepatocerebral type),,HP:0001256,PMID:34023347;PMID:24190800;PMID:22508010;PMID:26437932,PCS,,1/4,,,P,ORCID:0000-0002-0736-9199[2024-10-26],2024-10-26
OMIM:256810,Mitochondrial DNA depletion syndrome 6 (hepatocerebral type),,HP:0002342,PMID:34023347;PMID:24190800;PMID:22508010;PMID:26437932,PCS,,0/4,,,P,ORCID:0000-0002-0736-9199[2024-10-26],2024-10-26
OMIM:256810,Mitochondrial DNA depletion syndrome 6 (hepatocerebral type),,HP:0001250,PMID:18695062;PMID:31664948;PMID:16909392;PMID:34035203;PMID:18329934,PCS,,4/12,,,P,ORCID:0000-0002-0736-9199[2024-10-26];HPO:probinson[2022-12-13],2024-10-26
OMIM:256810,Mitochondrial DNA depletion syndrome 6 (hepatocerebral type),,HP:0003155,PMID:31664948;PMID:28209105;PMID:22824774;PMID:24894789,PCS,,4/4,,,P,ORCID:0000-0002-0736-9199[2024-10-26],2024-10-26
OMIM:256810,Mitochondrial DNA depletion syndrome 6 (hepatocerebral type),,HP:0012707,PMID:18695062,PCS,,1/1,,,P,ORCID:0000-0002-0736-9199[2024-10-26],2024-10-26
OMIM:256810,Mitochondrial DNA depletion syndrome 6 (hepatocerebral type),,HP:0001252,PMID:18695062;PMID:23829229;PMID:27536553;PMID:22508010;PMID:16909392;PMID:22824774;PMID:23714749;PMID:24894789;PMID:34035203,PCS,,21/33,,,P,ORCID:0000-0002-0736-9199[2024-10-26];HPO:skoehler[2014-11-26];HPO:probinson[2022-12-13],2024-10-26
OMIM:256810,Mitochondrial DNA depletion syndrome 6 (hepatocerebral type),,HP:0002460,PMID:22508010;PMID:16909392,PCS,,5/7,,,P,ORCID:0000-0002-0736-9199[2024-10-26];HPO:iea[2009-02-17];HPO:probinson[2022-12-13],2024-10-26
OMIM:256810,Mitochondrial DNA depletion syndrome 6 (hepatocerebral type),,HP:0003270,PMID:16909392;PMID:25129007,PCS,,2/7,,,P,ORCID:0000-0002-0736-9199[2024-10-26];HPO:probinson[2022-12-13],2024-10-26
OMIM:256810,Mitochondrial DNA depletion syndrome 6 (hepatocerebral type),,HP:0012389,PMID:34979697,PCS,,1/1,,,P,ORCID:0000-0002-0736-9199[2024-10-26],2024-10-26
OMIM:256810,Mitochondrial DNA depletion syndrome 6 (hepatocerebral type),,HP:0009141,PMID:20074988;PMID:22824774;PMID:23714749;PMID:18329934,PCS,,9/12,,,P,ORCID:0000-0002-0736-9199[2024-10-26],2024-10-26
OMIM:256810,Mitochondrial DNA depletion syndrome 6 (hepatocerebral type),,HP:0000716,PMID:22964873,PCS,,1/1,,,P,ORCID:0000-0002-0736-9199[2024-10-26],2024-10-26
OMIM:256810,Mitochondrial DNA depletion syndrome 6 (hepatocerebral type),,HP:0009027,PMID:22508010;PMID:34979697,PCS,,2/2,,,P,ORCID:0000-0002-0736-9199[2024-10-26],2024-10-26
OMIM:256810,Mitochondrial DNA depletion syndrome 6 (hepatocerebral type),,HP:0001405,PMID:18695062,PCS,,2/2,,,P,ORCID:0000-0002-0736-9199[2024-10-26],2024-10-26
OMIM:256810,Mitochondrial DNA depletion syndrome 6 (hepatocerebral type),,HP:0006554,OMIM:256810;PMID:34023347,PCS,,11/11,,,P,ORCID:0000-0002-0736-9199[2024-10-26];HPO:iea[2009-02-17],2024-10-26
OMIM:256810,Mitochondrial DNA depletion syndrome 6 (hepatocerebral type),,HP:0001406,PMID:29318572;PMID:28209105;PMID:25129007,PCS,,3/3,,,P,ORCID:0000-0002-0736-9199[2024-10-26],2024-10-26
OMIM:256810,Mitochondrial DNA depletion syndrome 6 (hepatocerebral type),,HP:0002579,PMID:22964873,PCS,,1/1,,,P,ORCID:0000-0002-0736-9199[2024-10-26],2024-10-26
OMIM:256810,Mitochondrial DNA depletion syndrome 6 (hepatocerebral type),,HP:0001763,PMID:34979697,PCS,,1/1,,,P,ORCID:0000-0002-0736-9199[2024-10-26],2024-10-26
OMIM:256810,Mitochondrial DNA depletion syndrome 6 (hepatocerebral type),,HP:0001249,PMID:34979697,PCS,,0/1,,,P,ORCID:0000-0002-0736-9199[2024-10-26],2024-10-26
OMIM:256810,Mitochondrial DNA depletion syndrome 6 (hepatocerebral type),,HP:0000952,PMID:18695062;PMID:29318572;PMID:31664948;PMID:16909392;PMID:25129007;PMID:23714749;PMID:24894789;PMID:18329934,PCS,,23/35,,,P,ORCID:0000-0002-0736-9199[2024-10-26];HPO:probinson[2022-12-13];HPO:probinson[2022-12-13],2024-10-26
OMIM:256810,Mitochondrial DNA depletion syndrome 6 (hepatocerebral type),,HP:0001403,PMID:28209105;PMID:16909392;PMID:24894789,PCS,,3/8,,,P,ORCID:0000-0002-0736-9199[2024-10-26];HPO:iea[2009-02-17];HPO:probinson[2022-12-13],2024-10-26
OMIM:256810,Mitochondrial DNA depletion syndrome 6 (hepatocerebral type),,HP:0000556,PMID:18329934,PCS,,1/1,,,P,ORCID:0000-0002-0736-9199[2024-10-26],2024-10-26
OMIM:256810,Mitochondrial DNA depletion syndrome 6 (hepatocerebral type),,HP:0003546,PMID:22964873,PCS,,1/1,,,P,ORCID:0000-0002-0736-9199[2024-10-26],2024-10-26
OMIM:256810,Mitochondrial DNA depletion syndrome 6 (hepatocerebral type),,HP:0003700,PMID:22824774,PCS,,1/1,,,P,ORCID:0000-0002-0736-9199[2024-10-26],2024-10-26
OMIM:256810,Mitochondrial DNA depletion syndrome 6 (hepatocerebral type),,HP:0001765,PMID:34979697,PCS,,1/1,,,P,ORCID:0000-0002-0736-9199[2024-10-26],2024-10-26
OMIM:256810,Mitochondrial DNA depletion syndrome 6 (hepatocerebral type),,HP:0001265,PMID:29318572;PMID:23829229;PMID:16909392;PMID:28673863,PCS,,4/9,,,P,ORCID:0000-0002-0736-9199[2024-10-26];HPO:iea[2009-02-17];HPO:probinson[2022-12-13],2024-10-26
OMIM:256810,Mitochondrial DNA depletion syndrome 6 (hepatocerebral type),,HP:0001300,PMID:22964873,PCS,,1/1,,,P,ORCID:0000-0002-0736-9199[2024-10-26],2024-10-26
OMIM:256810,Mitochondrial DNA depletion syndrome 6 (hepatocerebral type),,HP:0003200,PMID:18695062;PMID:22508010;PMID:28673863;PMID:34979697,PCS,,0/4,,,P,ORCID:0000-0002-0736-9199[2024-10-26],2024-10-26
OMIM:256810,Mitochondrial DNA depletion syndrome 6 (hepatocerebral type),,HP:0001541,PMID:23829229;PMID:16909392;PMID:25129007;PMID:24894789,PCS,,4/12,,,P,ORCID:0000-0002-0736-9199[2024-10-26];HPO:probinson[2022-12-13],2024-10-26
OMIM:256810,Mitochondrial DNA depletion syndrome 6 (hepatocerebral type),,HP:0001662,PMID:22964873,PCS,,1/1,,,P,ORCID:0000-0002-0736-9199[2024-10-26],2024-10-26
OMIM:256810,Mitochondrial DNA depletion syndrome 6 (hepatocerebral type),,HP:0002354,PMID:24190800,PCS,,1/1,,,P,ORCID:0000-0002-0736-9199[2024-10-26],2024-10-26
OMIM:256810,Mitochondrial DNA depletion syndrome 6 (hepatocerebral type),,HP:0011968,PMID:23829229;PMID:22824774;PMID:23714749,PCS,,7/19,,,P,ORCID:0000-0002-0736-9199[2024-10-26],2024-10-26
OMIM:256810,Mitochondrial DNA depletion syndrome 6 (hepatocerebral type),,HP:0006937,PMID:24190800;PMID:22508010;PMID:16909392;PMID:28673863;PMID:26437932;PMID:34979697,PCS,,10/12,,,P,ORCID:0000-0002-0736-9199[2024-10-26],2024-10-26
OMIM:256810,Mitochondrial DNA depletion syndrome 6 (hepatocerebral type),,HP:0001260,PMID:28673863,PCS,,0/1,,,P,ORCID:0000-0002-0736-9199[2024-10-26],2024-10-26
OMIM:256810,Mitochondrial DNA depletion syndrome 6 (hepatocerebral type),,HP:0001263,PMID:33486010;PMID:20074988;PMID:24190800;PMID:27536553;PMID:22508010;PMID:26437932;PMID:34035203;PMID:31664948;PMID:16909392;PMID:34979697;PMID:28673863;PMID:23714749;PMID:18329934,PCS,,19/44,,,P,ORCID:0000-0002-0736-9199[2024-10-26];HPO:skoehler[2012-10-17];HPO:probinson[2022-12-13],2024-10-26
OMIM:256810,Mitochondrial DNA depletion syndrome 6 (hepatocerebral type),,HP:0002194,PMID:24190800;PMID:34979697;PMID:34035203,PCS,,1/3,,,P,ORCID:0000-0002-0736-9199[2024-10-26],2024-10-26
OMIM:256810,Mitochondrial DNA depletion syndrome 6 (hepatocerebral type),,HP:0030948,PMID:18695062;PMID:23829229;PMID:28209105;PMID:16909392;PMID:26437932;PMID:24894789,PCS,,7/12,,,P,ORCID:0000-0002-0736-9199[2024-10-26];HPO:probinson[2022-12-13],2024-10-26
OMIM:256810,Mitochondrial DNA depletion syndrome 6 (hepatocerebral type),,HP:0003281,PMID:23829229;PMID:24894789,PCS,,2/2,,,P,ORCID:0000-0002-0736-9199[2024-10-26],2024-10-26
OMIM:256810,Mitochondrial DNA depletion syndrome 6 (hepatocerebral type),,HP:0002908,PMID:18695062;PMID:29318572;PMID:28209105;PMID:22824774;PMID:16909392;PMID:28673863;PMID:34979697;PMID:34035203,PCS,,9/12,,,P,ORCID:0000-0002-0736-9199[2024-10-26],2024-10-26
OMIM:256810,Mitochondrial DNA depletion syndrome 6 (hepatocerebral type),,HP:0008163,PMID:23714749,PCS,,1/17,,,P,ORCID:0000-0002-0736-9199[2024-10-26],2024-10-26
OMIM:256810,Mitochondrial DNA depletion syndrome 6 (hepatocerebral type),,HP:0002904,PMID:31664948,PCS,,1/1,,,P,ORCID:0000-0002-0736-9199[2024-10-26],2024-10-26
OMIM:256810,Mitochondrial DNA depletion syndrome 6 (hepatocerebral type),,HP:0040189,PMID:22824774,PCS,,1/1,,,P,ORCID:0000-0002-0736-9199[2024-10-26],2024-10-26
OMIM:256810,Mitochondrial DNA depletion syndrome 6 (hepatocerebral type),,HP:0002747,PMID:28209105,PCS,,1/1,,,P,ORCID:0000-0002-0736-9199[2024-10-26],2024-10-26
OMIM:256810,Mitochondrial DNA depletion syndrome 6 (hepatocerebral type),,HP:0003438,PMID:24190800;PMID:28673863;PMID:26437932,PCS,,3/3,,,P,ORCID:0000-0002-0736-9199[2024-10-26],2024-10-26
OMIM:256810,Mitochondrial DNA depletion syndrome 6 (hepatocerebral type),,HP:0005978,PMID:22964873,PCS,,1/1,,,P,ORCID:0000-0002-0736-9199[2024-10-26],2024-10-26
OMIM:256810,Mitochondrial DNA depletion syndrome 6 (hepatocerebral type),,HP:0001414,PMID:18695062;PMID:29318572;OMIM:256810;PMID:28209105;PMID:24894789,PCS,,14/14,,,P,ORCID:0000-0002-0736-9199[2024-10-26];HPO:iea[2009-02-17],2024-10-26
OMIM:256810,Mitochondrial DNA depletion syndrome 6 (hepatocerebral type),,HP:0003376,PMID:24190800,PCS,,1/1,,,P,ORCID:0000-0002-0736-9199[2024-10-26],2024-10-26
OMIM:256810,Mitochondrial DNA depletion syndrome 6 (hepatocerebral type),,HP:0003256,PMID:23829229;PMID:25129007;PMID:23714749,PCS,,4/19,,,P,ORCID:0000-0002-0736-9199[2024-10-26],2024-10-26
OMIM:256810,Mitochondrial DNA depletion syndrome 6 (hepatocerebral type),,HP:0003493,PMID:34979697,PCS,,0/1,,,P,ORCID:0000-0002-0736-9199[2024-10-26],2024-10-26
OMIM:256810,Mitochondrial DNA depletion syndrome 6 (hepatocerebral type),,HP:0010864,PMID:34023347;PMID:24190800;PMID:22508010;PMID:26437932,PCS,,0/4,,,P,ORCID:0000-0002-0736-9199[2024-10-26],2024-10-26
OMIM:256810,Mitochondrial DNA depletion syndrome 6 (hepatocerebral type),,HP:0008151,PMID:18695062;PMID:29318572;PMID:24190800;PMID:31664948;PMID:28209105;PMID:16909392;PMID:22824774;PMID:34979697;PMID:28673863;PMID:24894789;PMID:34035203,PCS,,13/15,,,P,ORCID:0000-0002-0736-9199[2024-10-26],2024-10-26
OMIM:256810,Mitochondrial DNA depletion syndrome 6 (hepatocerebral type),,HP:0001508,PMID:23829229;PMID:20074988;PMID:28209105;PMID:22824774;PMID:34035203;PMID:24894789;PMID:18695062;PMID:29318572;PMID:31664948;PMID:16909392;PMID:34979697;PMID:23714749;PMID:18329934,PCS,,25/46,,,P,ORCID:0000-0002-0736-9199[2024-10-26];HPO:iea[2009-02-17];HPO:probinson[2022-12-13],2024-10-26
OMIM:256810,Mitochondrial DNA depletion syndrome 6 (hepatocerebral type),,HP:0007340,PMID:16909392;PMID:34979697;PMID:26437932;PMID:22964873,PCS,,8/10,,,P,ORCID:0000-0002-0736-9199[2024-10-26],2024-10-26
OMIM:256810,Mitochondrial DNA depletion syndrome 6 (hepatocerebral type),,HP:0031374,PMID:24190800;PMID:34979697,PCS,,2/2,,,P,ORCID:0000-0002-0736-9199[2024-10-26],2024-10-26
OMIM:256810,Mitochondrial DNA depletion syndrome 6 (hepatocerebral type),,HP:0006254,PMID:18695062;PMID:31664948;PMID:28209105;PMID:26437932,PCS,,4/6,,,P,ORCID:0000-0002-0736-9199[2024-10-26],2024-10-26
OMIM:256810,Mitochondrial DNA depletion syndrome 6 (hepatocerebral type),,HP:0009005,PMID:34979697,PCS,,1/1,,,P,ORCID:0000-0002-0736-9199[2024-10-26],2024-10-26
OMIM:256810,Mitochondrial DNA depletion syndrome 6 (hepatocerebral type),,HP:0001987,PMID:18695062;PMID:24190800;PMID:22824774;PMID:25129007;PMID:34979697,PCS,,4/5,,,P,ORCID:0000-0002-0736-9199[2024-10-26],2024-10-26
OMIM:256810,Mitochondrial DNA depletion syndrome 6 (hepatocerebral type),,HP:0003648,PMID:23829229,PCS,,1/1,,,P,ORCID:0000-0002-0736-9199[2024-10-26],2024-10-26
OMIM:256810,Mitochondrial DNA depletion syndrome 6 (hepatocerebral type),,HP:0002317,PMID:26437932,PCS,,1/1,,,P,ORCID:0000-0002-0736-9199[2024-10-26],2024-10-26
OMIM:256810,Mitochondrial DNA depletion syndrome 6 (hepatocerebral type),,HP:0007588,PMID:22824774,PCS,,1/1,,,P,ORCID:0000-0002-0736-9199[2024-10-26],2024-10-26
OMIM:256810,Mitochondrial DNA depletion syndrome 6 (hepatocerebral type),,HP:0008954,PMID:24190800;PMID:22508010;PMID:26437932,PCS,,3/3,,,P,ORCID:0000-0002-0736-9199[2024-10-26],2024-10-26
OMIM:256810,Mitochondrial DNA depletion syndrome 6 (hepatocerebral type),,HP:0001744,PMID:29318572;PMID:24190800;PMID:25129007;PMID:34979697;PMID:28673863;PMID:24894789,PCS,,3/7,,,P,ORCID:0000-0002-0736-9199[2024-10-26],2024-10-26
OMIM:256810,Mitochondrial DNA depletion syndrome 6 (hepatocerebral type),,HP:0003128,PMID:18695062;PMID:23829229;PMID:20074988;PMID:24190800;PMID:16909392;PMID:18329934;PMID:34035203,PCS,,21/23,,,P,ORCID:0000-0002-0736-9199[2024-10-26];HPO:skoehler[2012-10-17];HPO:probinson[2022-12-13],2024-10-26
OMIM:256810,Mitochondrial DNA depletion syndrome 6 (hepatocerebral type),,HP:0003645,PMID:29318572;PMID:31664948;PMID:28209105;PMID:22824774;PMID:24894789,PCS,,7/7,,,P,ORCID:0000-0002-0736-9199[2024-10-26],2024-10-26
OMIM:256810,Mitochondrial DNA depletion syndrome 6 (hepatocerebral type),,HP:0008936,PMID:29318572;PMID:23829229,PCS,,4/4,,,P,ORCID:0000-0002-0736-9199[2024-10-26],2024-10-26
OMIM:256810,Mitochondrial DNA depletion syndrome 6 (hepatocerebral type),,HP:0000431,PMID:18695062;PMID:22824774,PCS,,1/4,,,P,ORCID:0000-0002-0736-9199[2024-10-26],2024-10-26
OMIM:256810,Mitochondrial DNA depletion syndrome 6 (hepatocerebral type),,HP:0002299,PMID:22824774,PCS,,1/1,,,P,ORCID:0000-0002-0736-9199[2024-10-26],2024-10-26
OMIM:256810,Mitochondrial DNA depletion syndrome 6 (hepatocerebral type),,HP:0003542,PMID:28673863;PMID:26437932,PCS,,1/3,,,P,ORCID:0000-0002-0736-9199[2024-10-26],2024-10-26
OMIM:256810,Mitochondrial DNA depletion syndrome 6 (hepatocerebral type),,HP:0001761,PMID:22508010,PCS,,0/1,,,P,ORCID:0000-0002-0736-9199[2024-10-26],2024-10-26
OMIM:256810,Mitochondrial DNA depletion syndrome 6 (hepatocerebral type),,HP:0002572,PMID:20074988;PMID:27536553;PMID:22824774,PCS,,6/12,,,P,ORCID:0000-0002-0736-9199[2024-10-26],2024-10-26
OMIM:256810,Mitochondrial DNA depletion syndrome 6 (hepatocerebral type),,HP:0001081,PMID:28673863,PCS,,1/1,,,P,ORCID:0000-0002-0736-9199[2024-10-26],2024-10-26
OMIM:256810,Mitochondrial DNA depletion syndrome 6 (hepatocerebral type),,HP:0002172,PMID:28673863,PCS,,1/1,,,P,ORCID:0000-0002-0736-9199[2024-10-26],2024-10-26
OMIM:256810,Mitochondrial DNA depletion syndrome 6 (hepatocerebral type),,HP:0003380,PMID:16909392;PMID:34979697,PCS,,2/2,,,P,ORCID:0000-0002-0736-9199[2024-10-26];HPO:iea[2009-02-17];HPO:probinson[2022-12-13],2024-10-26
OMIM:256810,Mitochondrial DNA depletion syndrome 6 (hepatocerebral type),,HP:0009072,PMID:34979697,PCS,,1/1,,,P,ORCID:0000-0002-0736-9199[2024-10-26],2024-10-26
OMIM:256810,Mitochondrial DNA depletion syndrome 6 (hepatocerebral type),,HP:0000829,PMID:20074988;PMID:23714749,PCS,,3/24,,,P,ORCID:0000-0002-0736-9199[2024-10-26],2024-10-26
OMIM:256810,Mitochondrial DNA depletion syndrome 6 (hepatocerebral type),,HP:0009073,PMID:22964873,PCS,,1/1,,,P,ORCID:0000-0002-0736-9199[2024-10-26],2024-10-26
OMIM:256810,Mitochondrial DNA depletion syndrome 6 (hepatocerebral type),,HP:0032230,PMID:34979697,PCS,,0/1,,,P,ORCID:0000-0002-0736-9199[2024-10-26],2024-10-26
OMIM:256810,Mitochondrial DNA depletion syndrome 6 (hepatocerebral type),,HP:0031141,PMID:25129007;PMID:34035203,PCS,,2/2,,,P,ORCID:0000-0002-0736-9199[2024-10-26],2024-10-26
OMIM:256810,Mitochondrial DNA depletion syndrome 6 (hepatocerebral type),,HP:0001518,PMID:18695062;PMID:23829229;PMID:27536553;PMID:28209105;PMID:22824774,PCS,,1/10,,,P,ORCID:0000-0002-0736-9199[2024-10-26],2024-10-26
OMIM:256810,Mitochondrial DNA depletion syndrome 6 (hepatocerebral type),,HP:0007178,PMID:27536553,PCS,,1/4,,,P,ORCID:0000-0002-0736-9199[2024-10-26],2024-10-26
OMIM:256810,Mitochondrial DNA depletion syndrome 6 (hepatocerebral type),,HP:0000821,PMID:23714749,PCS,,1/17,,,P,ORCID:0000-0002-0736-9199[2024-10-26],2024-10-26
OMIM:256810,Mitochondrial DNA depletion syndrome 6 (hepatocerebral type),,HP:0000666,PMID:27536553,PCS,,1/4,,,P,ORCID:0000-0002-0736-9199[2024-10-26],2024-10-26
OMIM:256810,Mitochondrial DNA depletion syndrome 6 (hepatocerebral type),,HP:0000787,PMID:22824774,PCS,,1/1,,,P,ORCID:0000-0002-0736-9199[2024-10-26],2024-10-26
OMIM:256810,Mitochondrial DNA depletion syndrome 6 (hepatocerebral type),,HP:0008944,PMID:24190800;PMID:22508010;PMID:16909392;PMID:26437932;PMID:34979697,PCS,,5/5,,,P,ORCID:0000-0002-0736-9199[2024-10-26],2024-10-26
OMIM:613826,Leber congenital amaurosis 6,,HP:0001133,PMID:29193763;PMID:17306875;PMID:31666973,PCS,,6/6,,,P,ORCID:0000-0002-0736-9199[2024-11-02],2024-11-02
OMIM:613826,Leber congenital amaurosis 6,,HP:0000486,PMID:18682808;PMID:30576320,PCS,,4/5,,,P,ORCID:0000-0002-0736-9199[2024-11-02],2024-11-02
OMIM:613826,Leber congenital amaurosis 6,,HP:0030211,PMID:33308271,PCS,,3/3,,,P,ORCID:0000-0002-0736-9199[2024-11-02],2024-11-02
OMIM:613826,Leber congenital amaurosis 6,,HP:0000639,PMID:23505306;PMID:30072743;PMID:25096270;PMID:24997176;PMID:33308271;PMID:27422788;PMID:32736544;PMID:28966547;PMID:30576320;PMID:24066033;PMID:29053603;PMID:28456785;PMID:21602930;PMID:26047050;PMID:31666973,PCS,,64/66,,,P,ORCID:0000-0002-0736-9199[2024-11-02],2024-11-02
OMIM:613826,Leber congenital amaurosis 6,,HP:0032122,PMID:28456785;PMID:24997176;PMID:33308271;PMID:27422788;PMID:26047050;PMID:34722527;PMID:23661368;PMID:30576320,PCS,,35/39,,,P,ORCID:0000-0002-0736-9199[2024-11-02],2024-11-02
OMIM:613826,Leber congenital amaurosis 6,,HP:0007720,PMID:24066033,PCS,,1/1,,,P,ORCID:0000-0002-0736-9199[2024-11-02],2024-11-02
OMIM:613826,Leber congenital amaurosis 6,,HP:0007401,PMID:29193763;PMID:30072743;PMID:27422788;PMID:18682808;PMID:26047050;PMID:31666973,PCS,,6/28,,,P,ORCID:0000-0002-0736-9199[2024-11-02],2024-11-02
OMIM:613826,Leber congenital amaurosis 6,,HP:0007843,PMID:23505306;PMID:17306875;PMID:21602930;PMID:27422788;OMIM:613826;PMID:23661368;PMID:28966547;PMID:31666973,PCS,,33/38,,,P,ORCID:0000-0002-0736-9199[2024-11-02];HPO:probinson[2013-08-10],2024-11-02
OMIM:613826,Leber congenital amaurosis 6,,HP:0000512,PMID:29053603;PMID:26992781;PMID:23505306;PMID:28456785;PMID:21602930;PMID:33308271;PMID:27422788;PMID:34722527;PMID:28453600;PMID:32736544;PMID:28966547;PMID:31666973,PCS,,34/34,,,P,ORCID:0000-0002-0736-9199[2024-11-02],2024-11-02
OMIM:613826,Leber congenital amaurosis 6,,HP:0001249,PMID:28456785,PCS,,0/1,,,P,ORCID:0000-0002-0736-9199[2024-11-02],2024-11-02
OMIM:613826,Leber congenital amaurosis 6,,HP:0025010,PMID:29193763,PCS,,1/1,,,P,ORCID:0000-0002-0736-9199[2024-11-02],2024-11-02
OMIM:613826,Leber congenital amaurosis 6,,HP:0001263,PMID:23505306;PMID:28456785;PMID:24997176;PMID:33308271;PMID:32736544;PMID:28453600,PCS,,6/30,,,P,ORCID:0000-0002-0736-9199[2024-11-02],2024-11-02
OMIM:613826,Leber congenital amaurosis 6,,HP:0030825,PMID:26992781;PMID:21602930,PCS,,4/8,,,P,ORCID:0000-0002-0736-9199[2024-11-02],2024-11-02
OMIM:613826,Leber congenital amaurosis 6,,HP:0200070,PMID:30072743;PMID:18682808,PCS,,1/9,,,P,ORCID:0000-0002-0736-9199[2024-11-02],2024-11-02
OMIM:613826,Leber congenital amaurosis 6,,HP:0008043,PMID:28456785,PCS,,1/1,,,P,ORCID:0000-0002-0736-9199[2024-11-02],2024-11-02
OMIM:613826,Leber congenital amaurosis 6,,HP:0000648,PMID:30072743;PMID:18682808;PMID:28966547,PCS,,2/10,,,P,ORCID:0000-0002-0736-9199[2024-11-02],2024-11-02
OMIM:613826,Leber congenital amaurosis 6,,HP:0004327,PMID:26047050,PCS,,2/10,,,P,ORCID:0000-0002-0736-9199[2024-11-02],2024-11-02
OMIM:613826,Leber congenital amaurosis 6,,HP:0007737,PMID:23505306;PMID:17306875;PMID:26047050;PMID:32736544;PMID:28453600,PCS,,7/22,,,P,ORCID:0000-0002-0736-9199[2024-11-02],2024-11-02
OMIM:613826,Leber congenital amaurosis 6,,HP:0007814,PMID:24066033;PMID:29053603;PMID:29193763;PMID:23505306;PMID:24997176;PMID:33308271;PMID:27422788;PMID:26047050;PMID:28453600;PMID:32736544;PMID:30576320,PCS,,33/46,,,P,ORCID:0000-0002-0736-9199[2024-11-02],2024-11-02
OMIM:613826,Leber congenital amaurosis 6,,HP:0000662,PMID:29193763;PMID:17306875;PMID:25096270;PMID:31666973,PCS,,6/7,,,P,ORCID:0000-0002-0736-9199[2024-11-02],2024-11-02
OMIM:613826,Leber congenital amaurosis 6,,HP:0000540,PMID:24066033;PMID:23505306;PMID:24997176;PMID:33308271;PMID:27422788;PMID:26047050;PMID:28966547,PCS,,36/39,,,P,ORCID:0000-0002-0736-9199[2024-11-02],2024-11-02
OMIM:613826,Leber congenital amaurosis 6,,HP:0030553,PMID:21602930,PCS,,1/1,,,P,ORCID:0000-0002-0736-9199[2024-11-02],2024-11-02
OMIM:613826,Leber congenital amaurosis 6,,HP:0030672,PMID:30072743;PMID:18682808,PCS,,1/9,,,P,ORCID:0000-0002-0736-9199[2024-11-02],2024-11-02
OMIM:613826,Leber congenital amaurosis 6,,HP:0030515,PMID:29193763;PMID:17306875,PCS,,2/2,,,P,ORCID:0000-0002-0736-9199[2024-11-02],2024-11-02
OMIM:613826,Leber congenital amaurosis 6,,HP:0007663,PMID:26992781;PMID:23505306;PMID:30072743;PMID:25096270;PMID:21602930;PMID:18682808;PMID:26047050;PMID:28453600;PMID:32736544;PMID:30576320;PMID:31666973,PCS,,38/38,,,P,ORCID:0000-0002-0736-9199[2024-11-02],2024-11-02
OMIM:613826,Leber congenital amaurosis 6,,HP:0007787,PMID:29193763;PMID:30072743;PMID:18682808,PCS,,2/10,,,P,ORCID:0000-0002-0736-9199[2024-11-02],2024-11-02
OMIM:613826,Leber congenital amaurosis 6,,HP:0000533,PMID:18682808;PMID:31666973,PCS,,4/5,,,P,ORCID:0000-0002-0736-9199[2024-11-02],2024-11-02
OMIM:613826,Leber congenital amaurosis 6,,HP:0000577,PMID:26047050,PCS,,1/10,,,P,ORCID:0000-0002-0736-9199[2024-11-02],2024-11-02
OMIM:613826,Leber congenital amaurosis 6,,HP:0000551,PMID:30072743,PCS,,2/8,,,P,ORCID:0000-0002-0736-9199[2024-11-02],2024-11-02
OMIM:613826,Leber congenital amaurosis 6,,HP:0001483,PMID:24066033;PMID:23505306;PMID:24997176;PMID:21602930;PMID:33308271;PMID:27422788;PMID:26047050;PMID:32736544;PMID:23661368;PMID:28966547;PMID:31666973,PCS,,35/57,,,P,ORCID:0000-0002-0736-9199[2024-11-02],2024-11-02
OMIM:613826,Leber congenital amaurosis 6,,HP:0011504,PMID:30072743;PMID:18682808,PCS,,1/9,,,P,ORCID:0000-0002-0736-9199[2024-11-02],2024-11-02
OMIM:613826,Leber congenital amaurosis 6,,HP:0030329,PMID:25096270;PMID:33308271,PCS,,3/4,,,P,ORCID:0000-0002-0736-9199[2024-11-02],2024-11-02
OMIM:613826,Leber congenital amaurosis 6,,HP:0012045,PMID:29193763,PCS,,1/1,,,P,ORCID:0000-0002-0736-9199[2024-11-02],2024-11-02
OMIM:613826,Leber congenital amaurosis 6,,HP:0000546,PMID:26992781;PMID:21602930;PMID:27422788;PMID:26047050;PMID:23661368,PCS,,19/20,,,P,ORCID:0000-0002-0736-9199[2024-11-02],2024-11-02
OMIM:613826,Leber congenital amaurosis 6,,HP:0000543,PMID:24066033;PMID:33308271;PMID:18682808;PMID:27422788;PMID:28453600;PMID:28966547,PCS,,5/11,,,P,ORCID:0000-0002-0736-9199[2024-11-02],2024-11-02
OMIM:613826,Leber congenital amaurosis 6,,HP:0000545,PMID:24066033;PMID:29193763;PMID:28966547,PCS,,2/3,,,P,ORCID:0000-0002-0736-9199[2024-11-02],2024-11-02
OMIM:610042,Pitt-Hopkins like syndrome 1,,HP:0002069,PMID:37183190;PMID:27066544;PMID:25045150,PCS,,12/12,,,P,ORCID:0000-0002-0736-9199[2024-08-19],2024-08-19
OMIM:610042,Pitt-Hopkins like syndrome 1,,HP:0000286,PMID:23074684;PMID:19896112;PMID:35911904;PMID:21827697;PMID:37183190;PMID:19302947;PMID:16571880;PMID:33042910;PMID:25045150,PCS,,1/43,,,P,ORCID:0000-0002-0736-9199[2024-08-19],2024-08-19
OMIM:610042,Pitt-Hopkins like syndrome 1,,HP:0010804,PMID:23074684;PMID:19896112;PMID:35911904;PMID:21827697;PMID:37183190;PMID:19302947;PMID:16571880;PMID:33042910;PMID:25045150,PCS,,2/43,,,P,ORCID:0000-0002-0736-9199[2024-08-19],2024-08-19
OMIM:610042,Pitt-Hopkins like syndrome 1,,HP:0000365,PMID:35911904;PMID:21827697;PMID:19302947,PCS,,0/12,,,P,ORCID:0000-0002-0736-9199[2024-08-19],2024-08-19
OMIM:610042,Pitt-Hopkins like syndrome 1,,HP:0000486,PMID:34778490;PMID:25045150,PCS,,3/3,,,P,ORCID:0000-0002-0736-9199[2024-08-19],2024-08-19
OMIM:610042,Pitt-Hopkins like syndrome 1,,HP:0001332,PMID:23074684;PMID:37183190,PCS,,0/8,,,P,ORCID:0000-0002-0736-9199[2024-08-19],2024-08-19
OMIM:610042,Pitt-Hopkins like syndrome 1,,HP:0002384,PMID:26843181;PMID:27439707;PMID:37183190;PMID:16571880,PCS,,18/18,,,P,ORCID:0000-0002-0736-9199[2024-08-19];HPO:probinson[2023-03-04],2024-08-19
OMIM:610042,Pitt-Hopkins like syndrome 1,,HP:0001250,PMID:35911904;PMID:21827697;PMID:27439707;PMID:17646849;PMID:37183190;PMID:19302947;PMID:25045150,PCS,,16/18,,,P,ORCID:0000-0002-0736-9199[2024-08-19],2024-08-19
OMIM:610042,Pitt-Hopkins like syndrome 1,,HP:0010808,PMID:23074684;PMID:19896112;PMID:35911904;PMID:21827697;PMID:37183190;PMID:19302947;PMID:16571880;PMID:33042910;PMID:25045150,PCS,,1/43,,,P,ORCID:0000-0002-0736-9199[2024-08-19],2024-08-19
OMIM:610042,Pitt-Hopkins like syndrome 1,,HP:0001252,PMID:34778490;PMID:23074684;PMID:30762603;PMID:27439707;PMID:37183190;PMID:33042910,PCS,,16/27,,,P,ORCID:0000-0002-0736-9199[2024-08-19],2024-08-19
OMIM:610042,Pitt-Hopkins like syndrome 1,,HP:0003196,PMID:19896112;PMID:19302947;PMID:16571880;PMID:33042910;PMID:25045150,PCS,,1/8,,,P,ORCID:0000-0002-0736-9199[2024-08-19],2024-08-19
OMIM:610042,Pitt-Hopkins like syndrome 1,,HP:0000280,PMID:23074684;PMID:19896112;PMID:35911904;PMID:21827697;PMID:27439707;PMID:37183190;PMID:19302947;PMID:16571880;PMID:25045150,PCS,,1/50,,,P,ORCID:0000-0002-0736-9199[2024-08-19];HPO:skoehler[2019-04-18];HPO:probinson[2024-08-19],2024-08-19
OMIM:610042,Pitt-Hopkins like syndrome 1,,HP:0032752,PMID:34778490;PMID:22031302;PMID:23074684;PMID:35911904;PMID:33895390;PMID:37183190;PMID:27439707;PMID:33042910,PCS,,3/34,,,P,ORCID:0000-0002-0736-9199[2024-08-19],2024-08-19
OMIM:610042,Pitt-Hopkins like syndrome 1,,HP:0045075,PMID:19896112;PMID:19302947;PMID:16571880;PMID:33042910;PMID:25045150,PCS,,1/8,,,P,ORCID:0000-0002-0736-9199[2024-08-19],2024-08-19
OMIM:610042,Pitt-Hopkins like syndrome 1,,HP:0033725,PMID:34778490;PMID:26843181;PMID:19896112;PMID:35911904;PMID:30762603;PMID:33895390;PMID:27439707;PMID:37183190,PCS,,4/38,,,P,ORCID:0000-0002-0736-9199[2024-08-19],2024-08-19
OMIM:610042,Pitt-Hopkins like syndrome 1,,HP:0012469,PMID:34737720;PMID:34778490;PMID:22031302;PMID:26843181;PMID:27439707,PCS,,1/9,,,P,ORCID:0000-0002-0736-9199[2024-08-19],2024-08-19
OMIM:610042,Pitt-Hopkins like syndrome 1,,HP:0000319,PMID:19896112;PMID:19302947;PMID:16571880;PMID:33042910;PMID:25045150,PCS,,1/8,,,P,ORCID:0000-0002-0736-9199[2024-08-19],2024-08-19
OMIM:610042,Pitt-Hopkins like syndrome 1,,HP:0000718,PMID:23074684;PMID:26843181;PMID:35911904;PMID:33895390;PMID:21827697;PMID:27439707;PMID:37183190;PMID:16571880;PMID:33042910,PCS,,14/33,,,P,ORCID:0000-0002-0736-9199[2024-08-19];HPO:skoehler[2018-10-08];HPO:probinson[2023-03-04],2024-08-19
OMIM:610042,Pitt-Hopkins like syndrome 1,,HP:0011220,PMID:23074684;PMID:19896112;PMID:35911904;PMID:21827697;PMID:37183190;PMID:19302947;PMID:16571880;PMID:33042910;PMID:25045150,PCS,,1/43,,,P,ORCID:0000-0002-0736-9199[2024-08-19],2024-08-19
OMIM:610042,Pitt-Hopkins like syndrome 1,,HP:0012471,PMID:19896112,PCS,,2/3,,,P,ORCID:0000-0002-0736-9199[2024-08-19],2024-08-19
OMIM:610042,Pitt-Hopkins like syndrome 1,,HP:0000316,PMID:34778490;PMID:19896112;PMID:16571880;PMID:25045150,PCS,,1/8,,,P,ORCID:0000-0002-0736-9199[2024-08-19],2024-08-19
OMIM:610042,Pitt-Hopkins like syndrome 1,,HP:0002019,PMID:26843181;PMID:19896112;PMID:30762603;PMID:33895390;PMID:27439707;PMID:27066544;PMID:34641913,PCS,,5/12,,,P,ORCID:0000-0002-0736-9199[2024-08-19],2024-08-19
OMIM:610042,Pitt-Hopkins like syndrome 1,,HP:0001249,PMID:21827697,PCS,,7/7,,,P,ORCID:0000-0002-0736-9199[2024-08-19],2024-08-19
OMIM:610042,Pitt-Hopkins like syndrome 1,,HP:0001249,PMID:22031302,PCS,,1/1,,,P,ORCID:0000-0002-0736-9199[2024-08-19],2024-08-19
OMIM:610042,Pitt-Hopkins like syndrome 1,,HP:0001249,PMID:27066544,PCS,,0/2,,,P,ORCID:0000-0002-0736-9199[2024-08-19],2024-08-19
OMIM:610042,Pitt-Hopkins like syndrome 1,,HP:0001249,PMID:17646849,PCS,,0/1,,,P,ORCID:0000-0002-0736-9199[2024-08-19],2024-08-19
OMIM:610042,Pitt-Hopkins like syndrome 1,,HP:0001249,PMID:25045150,PCS,,2/2,,,P,ORCID:0000-0002-0736-9199[2024-08-19],2024-08-19
OMIM:610042,Pitt-Hopkins like syndrome 1,,HP:0001249,PMID:35911904,PCS,,4/4,,,P,ORCID:0000-0002-0736-9199[2024-08-19],2024-08-19
OMIM:610042,Pitt-Hopkins like syndrome 1,,HP:0001249,PMID:19896112,PCS,,3/3,,,P,ORCID:0000-0002-0736-9199[2024-08-19],2024-08-19
OMIM:610042,Pitt-Hopkins like syndrome 1,,HP:0001249,PMID:33895390,PCS,,1/1,,,P,ORCID:0000-0002-0736-9199[2024-08-19],2024-08-19
OMIM:610042,Pitt-Hopkins like syndrome 1,,HP:0001249,PMID:26843181,PCS,,2/2,,,P,ORCID:0000-0002-0736-9199[2024-08-19],2024-08-19
OMIM:610042,Pitt-Hopkins like syndrome 1,,HP:0001249,PMID:37183190,PCS,,18/18,,,P,ORCID:0000-0002-0736-9199[2024-08-19],2024-08-19
OMIM:610042,Pitt-Hopkins like syndrome 1,,HP:0001249,PMID:34778490,PCS,,1/1,,,P,ORCID:0000-0002-0736-9199[2024-08-19],2024-08-19
OMIM:610042,Pitt-Hopkins like syndrome 1,,HP:0001249,PMID:19302947,PCS,,1/1,,,P,ORCID:0000-0002-0736-9199[2024-08-19],2024-08-19
OMIM:610042,Pitt-Hopkins like syndrome 1,,HP:0001249,PMID:30762603,PCS,,1/1,,,P,ORCID:0000-0002-0736-9199[2024-08-19],2024-08-19
OMIM:610042,Pitt-Hopkins like syndrome 1,,HP:0001249,PMID:27439707,PCS,,8/8,,,P,ORCID:0000-0002-0736-9199[2024-08-19],2024-08-19
OMIM:610042,Pitt-Hopkins like syndrome 1,,HP:0001249,PMID:33042910,PCS,,1/1,,,P,ORCID:0000-0002-0736-9199[2024-08-19],2024-08-19
OMIM:610042,Pitt-Hopkins like syndrome 1,,HP:0009748,PMID:23074684;PMID:19896112;PMID:35911904;PMID:21827697;PMID:37183190;PMID:19302947;PMID:16571880;PMID:25045150,PCS,,1/42,,,P,ORCID:0000-0002-0736-9199[2024-08-19],2024-08-19
OMIM:610042,Pitt-Hopkins like syndrome 1,,HP:0001265,PMID:34778490;PMID:27439707;PMID:37183190;PMID:33042910;PMID:25045150,PCS,,8/16,,,P,ORCID:0000-0002-0736-9199[2024-08-19];HPO:skoehler[2019-04-18];HPO:probinson[2024-08-19],2024-08-19
OMIM:610042,Pitt-Hopkins like syndrome 1,,HP:0000252,PMID:22031302;PMID:19896112;PMID:21827697;PMID:30762603;PMID:19302947,PCS,,5/9,,,P,ORCID:0000-0002-0736-9199[2024-08-19],2024-08-19
OMIM:610042,Pitt-Hopkins like syndrome 1,,HP:0001263,PMID:34737720;PMID:34778490;PMID:19896112;PMID:30762603;PMID:21827697;PMID:17646849;PMID:19302947;PMID:27066544;PMID:22031302;PMID:23074684;PMID:26843181;PMID:33895390;PMID:27439707;PMID:37183190;PMID:16571880;PMID:33042910;PMID:25045150;PMID:34641913,PCS,,57/64,,,P,ORCID:0000-0002-0736-9199[2024-08-19];HPO:skoehler[2018-10-08],2024-08-19
OMIM:610042,Pitt-Hopkins like syndrome 1,,HP:0000691,PMID:23074684;PMID:19896112;PMID:35911904;PMID:21827697;PMID:37183190;PMID:19302947;PMID:16571880;PMID:25045150,PCS,,1/42,,,P,ORCID:0000-0002-0736-9199[2024-08-19],2024-08-19
OMIM:610042,Pitt-Hopkins like syndrome 1,,HP:0000294,PMID:23074684;PMID:19896112;PMID:35911904;PMID:21827697;PMID:37183190;PMID:19302947;PMID:16571880;PMID:25045150,PCS,,1/42,,,P,ORCID:0000-0002-0736-9199[2024-08-19],2024-08-19
OMIM:610042,Pitt-Hopkins like syndrome 1,,HP:0032046,PMID:34778490;PMID:26843181;PMID:19896112;PMID:33895390;PMID:30762603;PMID:27439707;PMID:37183190;PMID:16571880,PCS,,2/16,,,P,ORCID:0000-0002-0736-9199[2024-08-19];HPO:skoehler[2019-02-22];HPO:probinson[2024-08-19],2024-08-19
OMIM:610042,Pitt-Hopkins like syndrome 1,,HP:0030746,PMID:34778490;PMID:26843181;PMID:19896112;PMID:35911904;PMID:33895390;PMID:30762603;PMID:27439707;PMID:37183190,PCS,,9/38,,,P,ORCID:0000-0002-0736-9199[2024-08-19],2024-08-19
OMIM:610042,Pitt-Hopkins like syndrome 1,,HP:0007074,PMID:34778490;PMID:26843181;PMID:19896112;PMID:35911904;PMID:33895390;PMID:30762603;PMID:27439707;PMID:37183190,PCS,,1/38,,,P,ORCID:0000-0002-0736-9199[2024-08-19],2024-08-19
OMIM:610042,Pitt-Hopkins like syndrome 1,,HP:0000729,PMID:34778490;PMID:26843181;PMID:19896112;PMID:37183190;PMID:19302947;PMID:16571880;PMID:34641913,PCS,,19/30,,,P,ORCID:0000-0002-0736-9199[2024-08-19];HPO:probinson[2023-03-04],2024-08-19
OMIM:610042,Pitt-Hopkins like syndrome 1,,HP:0000527,PMID:23074684;PMID:19896112;PMID:35911904;PMID:21827697;PMID:37183190;PMID:19302947;PMID:16571880;PMID:33042910;PMID:25045150,PCS,,1/43,,,P,ORCID:0000-0002-0736-9199[2024-08-19],2024-08-19
OMIM:610042,Pitt-Hopkins like syndrome 1,,HP:0000400,PMID:23074684;PMID:19896112;PMID:35911904;PMID:21827697;PMID:37183190;PMID:19302947;PMID:16571880;PMID:33042910;PMID:25045150,PCS,,1/43,,,P,ORCID:0000-0002-0736-9199[2024-08-19],2024-08-19
OMIM:610042,Pitt-Hopkins like syndrome 1,,HP:0007359,PMID:34778490;PMID:35911904;PMID:30762603;PMID:37183190;PMID:16571880,PCS,,9/9,,,P,ORCID:0000-0002-0736-9199[2024-08-19],2024-08-19
OMIM:610042,Pitt-Hopkins like syndrome 1,,HP:0000322,PMID:23074684;PMID:19896112;PMID:35911904;PMID:21827697;PMID:37183190;PMID:19302947;PMID:16571880;PMID:33042910;PMID:25045150,PCS,,1/43,,,P,ORCID:0000-0002-0736-9199[2024-08-19],2024-08-19
OMIM:610042,Pitt-Hopkins like syndrome 1,,HP:0000687,PMID:23074684;PMID:19896112;PMID:35911904;PMID:21827697;PMID:37183190;PMID:19302947;PMID:16571880;PMID:25045150,PCS,,2/42,,,P,ORCID:0000-0002-0736-9199[2024-08-19],2024-08-19
OMIM:610042,Pitt-Hopkins like syndrome 1,,HP:0000341,PMID:19896112;PMID:33895390;PMID:19302947;PMID:16571880;PMID:33042910;PMID:25045150,PCS,,1/9,,,P,ORCID:0000-0002-0736-9199[2024-08-19],2024-08-19
OMIM:610042,Pitt-Hopkins like syndrome 1,,HP:0000582,PMID:23074684;PMID:19896112;PMID:35911904;PMID:21827697;PMID:37183190;PMID:19302947;PMID:16571880;PMID:33042910;PMID:25045150,PCS,,2/43,,,P,ORCID:0000-0002-0736-9199[2024-08-19],2024-08-19
OMIM:610042,Pitt-Hopkins like syndrome 1,,HP:0002000,PMID:23074684;PMID:19896112;PMID:35911904;PMID:21827697;PMID:37183190;PMID:19302947;PMID:16571880;PMID:33042910;PMID:25045150,PCS,,1/43,,,P,ORCID:0000-0002-0736-9199[2024-08-19],2024-08-19
OMIM:610042,Pitt-Hopkins like syndrome 1,,HP:0010863,PMID:23074684,PCS,,1/1,,,P,ORCID:0000-0002-0736-9199[2024-08-19],2024-08-19
OMIM:610042,Pitt-Hopkins like syndrome 1,,HP:0000817,PMID:37183190,PCS,,6/14,,,P,ORCID:0000-0002-0736-9199[2024-08-19],2024-08-19
OMIM:610042,Pitt-Hopkins like syndrome 1,,HP:0032661,PMID:34778490;PMID:26843181;PMID:27439707,PCS,,2/8,,,P,ORCID:0000-0002-0736-9199[2024-08-19],2024-08-19
OMIM:610042,Pitt-Hopkins like syndrome 1,,HP:0000337,PMID:23074684;PMID:19896112;PMID:35911904;PMID:21827697;PMID:37183190;PMID:19302947;PMID:16571880;PMID:33042910;PMID:25045150,PCS,,1/43,,,P,ORCID:0000-0002-0736-9199[2024-08-19],2024-08-19
OMIM:610042,Pitt-Hopkins like syndrome 1,,HP:0000414,PMID:23074684;PMID:19896112;PMID:35911904;PMID:30762603;PMID:21827697;PMID:37183190;PMID:19302947;PMID:16571880;PMID:33042910;PMID:25045150,PCS,,2/44,,,P,ORCID:0000-0002-0736-9199[2024-08-19],2024-08-19
OMIM:610042,Pitt-Hopkins like syndrome 1,,HP:0000733,PMID:19896112;PMID:35911904;PMID:30762603;PMID:27439707;PMID:33042910;PMID:34641913,PCS,,9/16,,,P,ORCID:0000-0002-0736-9199[2024-08-19];HPO:skoehler[2018-10-08],2024-08-19
OMIM:610042,Pitt-Hopkins like syndrome 1,,HP:0006970,PMID:34778490;PMID:26843181;PMID:19896112;PMID:30762603;PMID:27439707;PMID:19302947,PCS,,1/15,,,P,ORCID:0000-0002-0736-9199[2024-08-19],2024-08-19
OMIM:610042,Pitt-Hopkins like syndrome 1,,HP:0000219,PMID:23074684;PMID:19896112;PMID:35911904;PMID:21827697;PMID:37183190;PMID:19302947;PMID:16571880;PMID:33042910;PMID:25045150,PCS,,2/43,,,P,ORCID:0000-0002-0736-9199[2024-08-19],2024-08-19
OMIM:610042,Pitt-Hopkins like syndrome 1,,HP:0000218,PMID:23074684;PMID:19896112;PMID:35911904;PMID:21827697;PMID:37183190;PMID:19302947;PMID:16571880;PMID:25045150,PCS,,1/42,,,P,ORCID:0000-0002-0736-9199[2024-08-19],2024-08-19
OMIM:610042,Pitt-Hopkins like syndrome 1,,HP:0009765,PMID:23074684;PMID:19896112;PMID:35911904;PMID:21827697;PMID:37183190;PMID:19302947;PMID:16571880;PMID:33042910;PMID:25045150,PCS,,1/43,,,P,ORCID:0000-0002-0736-9199[2024-08-19],2024-08-19
OMIM:610042,Pitt-Hopkins like syndrome 1,,HP:0006855,PMID:34778490;PMID:26843181;PMID:35911904;PMID:33895390;PMID:30762603;PMID:27439707;PMID:37183190,PCS,,5/34,,,P,ORCID:0000-0002-0736-9199[2024-08-19],2024-08-19
OMIM:610042,Pitt-Hopkins like syndrome 1,,HP:0001320,PMID:26843181,PCS,,1/2,,,P,ORCID:0000-0002-0736-9199[2024-08-19],2024-08-19
OMIM:610042,Pitt-Hopkins like syndrome 1,,HP:0000154,PMID:23074684;PMID:19896112;PMID:35911904;PMID:21827697;PMID:37183190;PMID:19302947;PMID:16571880;PMID:33042910;PMID:25045150,PCS,,3/43,,,P,ORCID:0000-0002-0736-9199[2024-08-19],2024-08-19
OMIM:610042,Pitt-Hopkins like syndrome 1,,HP:0002059,PMID:34778490;PMID:26843181;PMID:35911904;PMID:33895390;PMID:30762603;PMID:27439707;PMID:37183190,PCS,,2/36,,,P,ORCID:0000-0002-0736-9199[2024-08-19],2024-08-19
OMIM:610042,Pitt-Hopkins like syndrome 1,,HP:0000750,PMID:34778490;PMID:19896112;PMID:35911904;PMID:30762603;PMID:21827697;PMID:17646849;PMID:27066544;PMID:19302947;PMID:22031302;PMID:26843181;PMID:33895390;PMID:37183190;PMID:27439707;PMID:33042910;PMID:25045150,PCS,,51/55,,,P,ORCID:0000-0002-0736-9199[2024-08-19],2024-08-19
OMIM:610042,Pitt-Hopkins like syndrome 1,,HP:0001321,PMID:19896112,PCS,,1/2,,,P,ORCID:0000-0002-0736-9199[2024-08-19],2024-08-19
OMIM:610042,Pitt-Hopkins like syndrome 1,,HP:0010819,PMID:34778490;PMID:22031302;PMID:26843181;PMID:23074684;PMID:35911904;PMID:33895390;PMID:27439707;PMID:37183190;PMID:33042910,PCS,,2/38,,,P,ORCID:0000-0002-0736-9199[2024-08-19],2024-08-19
OMIM:610042,Pitt-Hopkins like syndrome 1,,HP:0034295,PMID:34778490;PMID:26843181;PMID:19896112;PMID:35911904;PMID:30762603;PMID:33895390;PMID:27439707;PMID:37183190,PCS,,3/38,,,P,ORCID:0000-0002-0736-9199[2024-08-19],2024-08-19
OMIM:610042,Pitt-Hopkins like syndrome 1,,HP:0100753,PMID:17646849,PCS,,1/1,,,P,ORCID:0000-0002-0736-9199[2024-08-19],2024-08-19
OMIM:610042,Pitt-Hopkins like syndrome 1,,HP:0032792,PMID:34778490;PMID:22031302;PMID:23074684;PMID:26843181;PMID:35911904;PMID:33895390;PMID:37183190;PMID:27439707;PMID:33042910,PCS,,11/38,,,P,ORCID:0000-0002-0736-9199[2024-08-19],2024-08-19
OMIM:610042,Pitt-Hopkins like syndrome 1,,HP:0007334,PMID:34778490;PMID:22031302;PMID:26843181;PMID:23074684;PMID:35911904;PMID:33895390;PMID:37183190;PMID:27439707;PMID:16571880;PMID:33042910,PCS,,11/46,,,P,ORCID:0000-0002-0736-9199[2024-08-19];HPO:probinson[2023-03-04],2024-08-19
OMIM:610042,Pitt-Hopkins like syndrome 1,,HP:0002007,PMID:34778490;PMID:19896112;PMID:16571880;PMID:25045150,PCS,,1/7,,,P,ORCID:0000-0002-0736-9199[2024-08-19],2024-08-19
OMIM:610042,Pitt-Hopkins like syndrome 1,,HP:0000664,PMID:23074684;PMID:19896112;PMID:35911904;PMID:21827697;PMID:37183190;PMID:19302947;PMID:16571880;PMID:25045150,PCS,,2/42,,,P,ORCID:0000-0002-0736-9199[2024-08-19],2024-08-19
OMIM:610042,Pitt-Hopkins like syndrome 1,,HP:0000303,PMID:23074684;PMID:19896112;PMID:35911904;PMID:21827697;PMID:37183190;PMID:19302947;PMID:16571880;PMID:25045150,PCS,,1/42,,,P,ORCID:0000-0002-0736-9199[2024-08-19],2024-08-19
OMIM:610042,Pitt-Hopkins like syndrome 1,,HP:0001513,PMID:33895390,PCS,,1/1,,,P,ORCID:0000-0002-0736-9199[2024-08-19],2024-08-19
OMIM:616325,"Myasthenic syndrome, congenital, 9, associated with acetylcholine receptor deficiency",,HP:0001371,PMID:23326516,PCS,,0/1,,,P,ORCID:0000-0002-0736-9199[2024-05-08],2024-05-08
OMIM:616325,"Myasthenic syndrome, congenital, 9, associated with acetylcholine receptor deficiency",,HP:0030210,PMID:15496425;PMID:20371544,PCS,,0/2,,,P,ORCID:0000-0002-0736-9199[2024-05-08],2024-05-08
OMIM:616325,"Myasthenic syndrome, congenital, 9, associated with acetylcholine receptor deficiency",,HP:0001252,PMID:20371544,PCS,,1/1,,,P,ORCID:0000-0002-0736-9199[2024-05-08],2024-05-08
OMIM:616325,"Myasthenic syndrome, congenital, 9, associated with acetylcholine receptor deficiency",,HP:0002380,PMID:23326516,PCS,,0/1,,,P,ORCID:0000-0002-0736-9199[2024-05-08],2024-05-08
OMIM:616325,"Myasthenic syndrome, congenital, 9, associated with acetylcholine receptor deficiency",,HP:0003391,PMID:23326516;PMID:19949040,PCS,,5/6,,,P,ORCID:0000-0002-0736-9199[2024-05-08];HPO:skoehler[2015-05-31];HPO:probinson[2024-05-08],2024-05-08
OMIM:616325,"Myasthenic syndrome, congenital, 9, associated with acetylcholine receptor deficiency",,HP:0030319,PMID:19949040;PMID:20371544,PCS,,6/6,,,P,ORCID:0000-0002-0736-9199[2024-05-08],2024-05-08
OMIM:616325,"Myasthenic syndrome, congenital, 9, associated with acetylcholine receptor deficiency",,HP:0012473,PMID:23326516,PCS,,1/1,,,P,ORCID:0000-0002-0736-9199[2024-05-08],2024-05-08
OMIM:616325,"Myasthenic syndrome, congenital, 9, associated with acetylcholine receptor deficiency",,HP:0003307,PMID:19949040,PCS,,2/5,,,P,ORCID:0000-0002-0736-9199[2024-05-08],2024-05-08
OMIM:616325,"Myasthenic syndrome, congenital, 9, associated with acetylcholine receptor deficiency",,HP:0002515,PMID:23326516;PMID:19949040,PCS,,2/6,,,P,ORCID:0000-0002-0736-9199[2024-05-08],2024-05-08
OMIM:616325,"Myasthenic syndrome, congenital, 9, associated with acetylcholine receptor deficiency",,HP:0003327,PMID:23326516,PCS,,1/1,,,P,ORCID:0000-0002-0736-9199[2024-05-08],2024-05-08
OMIM:616325,"Myasthenic syndrome, congenital, 9, associated with acetylcholine receptor deficiency",,HP:0003547,PMID:19949040,PCS,,2/5,,,P,ORCID:0000-0002-0736-9199[2024-05-08],2024-05-08
OMIM:616325,"Myasthenic syndrome, congenital, 9, associated with acetylcholine receptor deficiency",,HP:0008997,PMID:23326516;PMID:19949040;PMID:15496425;PMID:20371544,PCS,,3/8,,,P,ORCID:0000-0002-0736-9199[2024-05-08],2024-05-08
OMIM:616325,"Myasthenic syndrome, congenital, 9, associated with acetylcholine receptor deficiency",,HP:0003403,PMID:23326516;PMID:15496425;PMID:20371544,PCS,,2/3,,,P,ORCID:0000-0002-0736-9199[2024-05-08];HPO:probinson[2023-03-22],2024-05-08
OMIM:616325,"Myasthenic syndrome, congenital, 9, associated with acetylcholine receptor deficiency",,HP:0025331,PMID:23326516;PMID:20371544,PCS,,2/2,,,P,ORCID:0000-0002-0736-9199[2024-05-08],2024-05-08
OMIM:616325,"Myasthenic syndrome, congenital, 9, associated with acetylcholine receptor deficiency",,HP:0002015,PMID:23326516;PMID:15496425;PMID:20371544,PCS,,1/3,,,P,ORCID:0000-0002-0736-9199[2024-05-08];HPO:probinson[2023-03-22],2024-05-08
OMIM:616325,"Myasthenic syndrome, congenital, 9, associated with acetylcholine receptor deficiency",,HP:0002650,PMID:23326516;PMID:20371544,PCS,,1/2,,,P,ORCID:0000-0002-0736-9199[2024-05-08],2024-05-08
OMIM:616325,"Myasthenic syndrome, congenital, 9, associated with acetylcholine receptor deficiency",,HP:0003388,PMID:23326516;PMID:15496425;PMID:19949040,PCS,,7/7,,,P,ORCID:0000-0002-0736-9199[2024-05-08];HPO:skoehler[2015-05-31];HPO:probinson[2023-03-22],2024-05-08
OMIM:616325,"Myasthenic syndrome, congenital, 9, associated with acetylcholine receptor deficiency",,HP:0002093,PMID:19949040;PMID:15496425;PMID:20371544,PCS,,3/7,,HP:0025303,P,ORCID:0000-0002-0736-9199[2024-05-08];HPO:skoehler[2015-05-31],2024-05-08
OMIM:616325,"Myasthenic syndrome, congenital, 9, associated with acetylcholine receptor deficiency",,HP:0030208,PMID:23326516;PMID:15496425;PMID:20371544,PCS,,0/3,,,P,ORCID:0000-0002-0736-9199[2024-05-08],2024-05-08
OMIM:616325,"Myasthenic syndrome, congenital, 9, associated with acetylcholine receptor deficiency",,HP:0010535,PMID:23326516,PCS,,1/1,,,P,ORCID:0000-0002-0736-9199[2024-05-08],2024-05-08
OMIM:616325,"Myasthenic syndrome, congenital, 9, associated with acetylcholine receptor deficiency",,HP:0000508,PMID:23326516;PMID:19949040;PMID:15496425;PMID:20371544,PCS,,8/8,,,P,ORCID:0000-0002-0736-9199[2024-05-08],2024-05-08
OMIM:616325,"Myasthenic syndrome, congenital, 9, associated with acetylcholine receptor deficiency",,HP:0000602,PMID:19949040;PMID:15496425,PCS,,6/6,,,P,ORCID:0000-0002-0736-9199[2024-05-08];HPO:skoehler[2015-05-31],2024-05-08
OMIM:616325,"Myasthenic syndrome, congenital, 9, associated with acetylcholine receptor deficiency",,HP:0008944,PMID:23326516,PCS,,1/1,,,P,ORCID:0000-0002-0736-9199[2024-05-08],2024-05-08
OMIM:616325,"Myasthenic syndrome, congenital, 9, associated with acetylcholine receptor deficiency",,HP:0001611,PMID:15496425;PMID:19949040;PMID:20371544,PCS,,2/7,,,P,ORCID:0000-0002-0736-9199[2024-05-08];HPO:probinson[2023-03-22],2024-05-08
OMIM:616325,"Myasthenic syndrome, congenital, 9, associated with acetylcholine receptor deficiency",,HP:0000467,OMIM:616325;PMID:19949040;PMID:15496425;PMID:20371544,PCS,,13/17,,,P,ORCID:0000-0002-0736-9199[2024-05-08];HPO:skoehler[2015-05-31],2024-05-08
OMIM:607398,Glucocorticoid deficiency 2,,HP:0000252,PMID:16868047,PCS,,1/1,,,P,HPO:probinson[2024-03-13],2024-03-13
OMIM:607398,Glucocorticoid deficiency 2,,HP:0003154,PMID:27660747;PMID:16868047,PCS,,2/2,,,P,HPO:probinson[2024-03-13];HPO:iea[2009-02-17];HPO:probinson[2022-11-26];HPO:probinson[2024-03-13],2024-03-13
OMIM:607398,Glucocorticoid deficiency 2,,HP:0002571,PMID:27660747;PMID:16868047,PCS,,1/2,,,P,HPO:probinson[2024-03-13],2024-03-13
OMIM:607398,Glucocorticoid deficiency 2,,HP:0002187,PMID:16868047,PCS,,1/1,,,P,HPO:probinson[2024-03-13],2024-03-13
OMIM:607398,Glucocorticoid deficiency 2,,HP:0001285,PMID:16868047,PCS,,1/1,,,P,HPO:probinson[2024-03-13],2024-03-13
OMIM:607398,Glucocorticoid deficiency 2,,HP:0040084,PMID:16868047,PCS,,0/1,,,P,HPO:probinson[2024-03-13];HPO:probinson[2024-03-13],2024-03-13
OMIM:607398,Glucocorticoid deficiency 2,,HP:0032794,PMID:16868047,PCS,,1/1,,,P,HPO:probinson[2024-03-13],2024-03-13
OMIM:607398,Glucocorticoid deficiency 2,,HP:0011344,PMID:16868047,PCS,,1/1,,,P,HPO:probinson[2024-03-13],2024-03-13
OMIM:607398,Glucocorticoid deficiency 2,,HP:0012444,PMID:16868047,PCS,,1/1,,,P,HPO:probinson[2024-03-13],2024-03-13
OMIM:607398,Glucocorticoid deficiency 2,,HP:0033725,PMID:16868047,PCS,,1/1,,,P,HPO:probinson[2024-03-13],2024-03-13
OMIM:607398,Glucocorticoid deficiency 2,,HP:0008163,PMID:27660747;PMID:16868047,PCS,,2/2,,,P,HPO:probinson[2024-03-13];HPO:iea[2009-02-17];HPO:probinson[2022-11-26];HPO:probinson[2024-03-13],2024-03-13
OMIM:607398,Glucocorticoid deficiency 2,,HP:0011153,PMID:16868047,PCS,,1/1,,,P,HPO:probinson[2024-03-13],2024-03-13
OMIM:607398,Glucocorticoid deficiency 2,,HP:0001943,PMID:16868047,PCS,,1/1,,,P,HPO:probinson[2024-03-13],2024-03-13
OMIM:607398,Glucocorticoid deficiency 2,,HP:0006532,PMID:16868047,PCS,,1/1,,,P,HPO:probinson[2024-03-13],2024-03-13
OMIM:607398,Glucocorticoid deficiency 2,,HP:0008689,PMID:16868047,PCS,,1/1,,,P,HPO:probinson[2024-03-13],2024-03-13
OMIM:607398,Glucocorticoid deficiency 2,,HP:0000522,PMID:27660747;PMID:16868047,PCS,,1/2,,,P,HPO:probinson[2024-03-13],2024-03-13
OMIM:607398,Glucocorticoid deficiency 2,,HP:0001336,PMID:16868047,PCS,,1/1,,,P,HPO:probinson[2024-03-13],2024-03-13
OMIM:162000,"Tubulointerstitial kidney disease, autosomal dominant, 1",,HP:0003158,PMID:36606057;PMID:17245395;PMID:37487849,PCS,,3/8,,,P,ORCID:0000-0002-0736-9199[2024-08-08],2024-08-08
OMIM:162000,"Tubulointerstitial kidney disease, autosomal dominant, 1",,HP:0003774,PMID:23826568;PMID:28509303;PMID:23197950;PMID:32274456;PMID:33574344;PMID:34904096;PMID:32847529;PMID:31068150;PMID:15844001;PMID:14569098;PMID:15673476;PMID:23988501;PMID:37487849;PMID:15575003;PMID:14531790;PMID:22034507;PMID:36606057;PMID:21060763;PMID:29513881;PMID:17245395;PMID:27729211;PMID:29569962;PMID:15983957;PMID:27764983;PMID:20151160;PMID:33616882,PCS,,91/182,,,P,ORCID:0000-0002-0736-9199[2024-08-08],2024-08-08
OMIM:162000,"Tubulointerstitial kidney disease, autosomal dominant, 1",,HP:0000089,PMID:22034507;PMID:23826568;PMID:23197950;PMID:23988501;PMID:17245395;PMID:15575003;PMID:27729211;PMID:15844001;PMID:25786455;PMID:27764983;PMID:20151160;PMID:14531790,PCS,,17/33,,,P,ORCID:0000-0002-0736-9199[2024-08-08],2024-08-08
OMIM:162000,"Tubulointerstitial kidney disease, autosomal dominant, 1",,HP:0001970,PMID:23988501,PCS,,1/1,,,P,ORCID:0000-0002-0736-9199[2024-08-08],2024-08-08
OMIM:162000,"Tubulointerstitial kidney disease, autosomal dominant, 1",,HP:0011935,PMID:37487849;PMID:31068150,PCS,,2/2,,,P,ORCID:0000-0002-0736-9199[2024-08-08],2024-08-08
OMIM:162000,"Tubulointerstitial kidney disease, autosomal dominant, 1",,HP:0012624,PMID:28509303;PMID:29513881;PMID:27729211;PMID:29569962;PMID:20151160;PMID:33616882,PCS,,6/6,,,P,ORCID:0000-0002-0736-9199[2024-08-08],2024-08-08
OMIM:162000,"Tubulointerstitial kidney disease, autosomal dominant, 1",,HP:0012625,PMID:22034507;PMID:36606057;PMID:29513881;PMID:27729211;PMID:15844001;PMID:25786455;PMID:20151160;PMID:27764983,PCS,,12/12,,,P,ORCID:0000-0002-0736-9199[2024-08-08],2024-08-08
OMIM:162000,"Tubulointerstitial kidney disease, autosomal dominant, 1",,HP:0012626,PMID:22034507;PMID:28509303;PMID:37487849;PMID:27764983,PCS,,8/8,,,P,ORCID:0000-0002-0736-9199[2024-08-08],2024-08-08
OMIM:162000,"Tubulointerstitial kidney disease, autosomal dominant, 1",,HP:0012622,PMID:14569098;PMID:23826568;PMID:15673476;PMID:23197950;PMID:32274456;PMID:23988501;PMID:33574344;PMID:34904096;PMID:15575003;PMID:14531790;PMID:22034507;PMID:21060763;PMID:32847529;PMID:15983957,PCS,,33/33,,,P,ORCID:0000-0002-0736-9199[2024-08-08],2024-08-08
OMIM:162000,"Tubulointerstitial kidney disease, autosomal dominant, 1",,HP:0012623,PMID:22034507;PMID:14569098;PMID:15673476;PMID:29513881;PMID:23988501;PMID:15983957,PCS,,23/29,,,P,ORCID:0000-0002-0736-9199[2024-08-08],2024-08-08
OMIM:162000,"Tubulointerstitial kidney disease, autosomal dominant, 1",,HP:0004719,PMID:23826568;PMID:23197950;PMID:29513881;PMID:17245395;PMID:37487849;PMID:31068150;PMID:25786455;PMID:15844001;PMID:20151160,PCS,,4/23,,,P,ORCID:0000-0002-0736-9199[2024-08-08],2024-08-08
OMIM:162000,"Tubulointerstitial kidney disease, autosomal dominant, 1",,HP:0001942,PMID:37487849,PCS,,1/1,,,P,ORCID:0000-0002-0736-9199[2024-08-08],2024-08-08
OMIM:162000,"Tubulointerstitial kidney disease, autosomal dominant, 1",,HP:0000076,PMID:17245395,PCS,,0/6,,,P,ORCID:0000-0002-0736-9199[2024-08-08],2024-08-08
OMIM:162000,"Tubulointerstitial kidney disease, autosomal dominant, 1",,HP:0000794,PMID:37487849,PCS,,0/1,,,P,ORCID:0000-0002-0736-9199[2024-08-08],2024-08-08
OMIM:162000,"Tubulointerstitial kidney disease, autosomal dominant, 1",,HP:0005565,PMID:36606057;PMID:23826568;PMID:17245395;PMID:37487849;PMID:20151160,PCS,,2/12,,,P,ORCID:0000-0002-0736-9199[2024-08-08],2024-08-08
OMIM:162000,"Tubulointerstitial kidney disease, autosomal dominant, 1",,HP:0032948,PMID:14569098;PMID:36606057;PMID:28509303;PMID:32847529;PMID:33574344;PMID:17245395;PMID:37487849;PMID:15575003;PMID:31068150;PMID:25786455;PMID:27764983;PMID:14531790,PCS,,21/24,,,P,ORCID:0000-0002-0736-9199[2024-08-08],2024-08-08
OMIM:162000,"Tubulointerstitial kidney disease, autosomal dominant, 1",,HP:0003165,PMID:36606057;PMID:37487849,PCS,,2/2,,,P,ORCID:0000-0002-0736-9199[2024-08-08],2024-08-08
OMIM:162000,"Tubulointerstitial kidney disease, autosomal dominant, 1",,HP:0000790,PMID:23826568;PMID:32847529;PMID:23197950;PMID:32274456;PMID:29513881;PMID:31068150;PMID:25786455,PCS,,5/32,,,P,ORCID:0000-0002-0736-9199[2024-08-08],2024-08-08
OMIM:162000,"Tubulointerstitial kidney disease, autosomal dominant, 1",,HP:0000096,PMID:36606057;PMID:28509303;PMID:32847529;PMID:17245395;PMID:31068150;PMID:15844001;PMID:25786455;PMID:27764983;PMID:14531790,PCS,,10/15,,,P,ORCID:0000-0002-0736-9199[2024-08-08],2024-08-08
OMIM:162000,"Tubulointerstitial kidney disease, autosomal dominant, 1",,HP:0000093,PMID:23826568;PMID:28509303;PMID:23197950;PMID:32274456;PMID:15575003;PMID:25786455;PMID:22034507;PMID:36606057;PMID:21060763;PMID:32847529;PMID:17245395;PMID:29513881;PMID:31068150;PMID:27729211;PMID:15844001;PMID:20151160;PMID:27764983;PMID:33616882,PCS,,33/57,,,P,ORCID:0000-0002-0736-9199[2024-08-08],2024-08-08
OMIM:162000,"Tubulointerstitial kidney disease, autosomal dominant, 1",,HP:0000822,PMID:28509303;PMID:23197950;PMID:23988501;PMID:37487849;PMID:15575003;PMID:14531790;PMID:22034507;PMID:36606057;PMID:32847529;PMID:17245395;PMID:27729211;PMID:29569962;PMID:15983957;PMID:20151160;PMID:33616882,PCS,,42/72,,,P,ORCID:0000-0002-0736-9199[2024-08-08],2024-08-08
OMIM:162000,"Tubulointerstitial kidney disease, autosomal dominant, 1",,HP:0000107,PMID:14569098;PMID:15673476;PMID:23197950;PMID:33574344;PMID:23988501;PMID:25786455;PMID:14531790;PMID:29513881;PMID:17245395;PMID:31068150;PMID:15983957;PMID:20151160;PMID:33616882,PCS,,25/65,,,P,ORCID:0000-0002-0736-9199[2024-08-08],2024-08-08
OMIM:162000,"Tubulointerstitial kidney disease, autosomal dominant, 1",,HP:0000108,PMID:36606057;PMID:15673476;PMID:37487849,PCS,,2/3,,,P,ORCID:0000-0002-0736-9199[2024-08-08],2024-08-08
OMIM:162000,"Tubulointerstitial kidney disease, autosomal dominant, 1",,HP:0000103,PMID:22034507,PCS,,2/4,,,P,ORCID:0000-0002-0736-9199[2024-08-08],2024-08-08
OMIM:162000,"Tubulointerstitial kidney disease, autosomal dominant, 1",,HP:0003259,PMID:23826568;PMID:28509303;PMID:15673476;PMID:23197950;PMID:33574344;PMID:23988501;PMID:37487849;PMID:34904096;PMID:15575003;PMID:36606057;PMID:21060763;PMID:29513881;PMID:17245395;PMID:29569962;PMID:15844001;PMID:27764983;PMID:20151160,PCS,,50/57,,,P,ORCID:0000-0002-0736-9199[2024-08-08],2024-08-08
OMIM:162000,"Tubulointerstitial kidney disease, autosomal dominant, 1",,HP:0001997,PMID:14569098;PMID:28509303;PMID:23826568;PMID:15673476;PMID:23197950;PMID:33574344;PMID:37487849;PMID:34904096;PMID:15575003;PMID:14531790;PMID:22034507;PMID:36606057;PMID:21060763;PMID:32847529;PMID:17245395;PMID:29513881;PMID:15844001;PMID:15983957;PMID:27764983;PMID:20151160;PMID:33616882,PCS,,36/85,,,P,ORCID:0000-0002-0736-9199[2024-08-08];HPO:iea[2009-02-17];HPO:probinson[2024-08-08],2024-08-08
OMIM:162000,"Tubulointerstitial kidney disease, autosomal dominant, 1",,HP:0003138,PMID:36606057;PMID:23826568;PMID:21060763;PMID:23197950;PMID:34904096;PMID:15844001,PCS,,6/6,,,P,ORCID:0000-0002-0736-9199[2024-08-08],2024-08-08
OMIM:162000,"Tubulointerstitial kidney disease, autosomal dominant, 1",,HP:0004722,PMID:32847529;PMID:17245395;PMID:14531790,PCS,,7/9,,,P,ORCID:0000-0002-0736-9199[2024-08-08],2024-08-08
OMIM:616900,"Hypotonia, infantile, with psychomotor retardation and characteristic facies 3",,HP:0007957,PMID:27040691,PCS,,1/13,,,P,ORCID:0000-0002-0736-9199[2024-10-04],2024-10-04
OMIM:616900,"Hypotonia, infantile, with psychomotor retardation and characteristic facies 3",,HP:0000365,PMID:27040691;PMID:27040692;PMID:36522252,PCS,,1/24,,,P,ORCID:0000-0002-0736-9199[2024-10-04];ORCID:0000-0002-0736-9199[2024-10-14],2024-10-04
OMIM:616900,"Hypotonia, infantile, with psychomotor retardation and characteristic facies 3",,HP:0000486,PMID:30103036;PMID:27275012;PMID:36522252,PCS,,7/11,,,P,ORCID:0000-0002-0736-9199[2024-10-04];ORCID:0000-0002-0736-9199[2024-10-14],2024-10-04
OMIM:616900,"Hypotonia, infantile, with psychomotor retardation and characteristic facies 3",,HP:0002263,PMID:27040692;PMID:37876076;PMID:36273129,PCS,,6/7,,,P,ORCID:0000-0002-0736-9199[2024-10-04];HPO:probinson[2017-06-24],2024-10-04
OMIM:616900,"Hypotonia, infantile, with psychomotor retardation and characteristic facies 3",,HP:0001290,PMID:36522252,PCS,,6/6,,,P,ORCID:0000-0002-0736-9199[2024-10-14],2024-10-14
OMIM:616900,"Hypotonia, infantile, with psychomotor retardation and characteristic facies 3",,HP:0010841,PMID:29283439;PMID:36522252,PCS,,6/11,,,P,ORCID:0000-0002-0736-9199[2024-10-14],2024-10-14
OMIM:616900,"Hypotonia, infantile, with psychomotor retardation and characteristic facies 3",,HP:0033725,PMID:32363625;PMID:29283439,PCS,,7/7,,,P,ORCID:0000-0002-0736-9199[2024-10-04];ORCID:0000-0002-0736-9199[2024-10-14],2024-10-04
OMIM:616900,"Hypotonia, infantile, with psychomotor retardation and characteristic facies 3",,HP:0000518,PMID:27040692,PCS,,1/5,,,P,ORCID:0000-0002-0736-9199[2024-10-04],2024-10-04
OMIM:616900,"Hypotonia, infantile, with psychomotor retardation and characteristic facies 3",,HP:0000639,PMID:36522252,PCS,,2/6,,,P,ORCID:0000-0002-0736-9199[2024-10-14],2024-10-14
OMIM:616900,"Hypotonia, infantile, with psychomotor retardation and characteristic facies 3",,HP:0012471,PMID:27040691;PMID:37876076;PMID:36273129,PCS,,2/15,,,P,ORCID:0000-0002-0736-9199[2024-10-04];HPO:skoehler[2017-07-13];HPO:probinson[2019-09-03],2024-10-04
OMIM:616900,"Hypotonia, infantile, with psychomotor retardation and characteristic facies 3",,HP:0001845,PMID:27275012,PCS,,3/3,,,P,ORCID:0000-0002-0736-9199[2024-10-04],2024-10-04
OMIM:616900,"Hypotonia, infantile, with psychomotor retardation and characteristic facies 3",,HP:0000238,PMID:36522252,PCS,,2/6,,,P,ORCID:0000-0002-0736-9199[2024-10-14],2024-10-14
OMIM:616900,"Hypotonia, infantile, with psychomotor retardation and characteristic facies 3",,HP:0000878,PMID:27040691;PMID:27040692,PCS,,2/18,,,P,ORCID:0000-0002-0736-9199[2024-10-04],2024-10-04
OMIM:616900,"Hypotonia, infantile, with psychomotor retardation and characteristic facies 3",,HP:0002553,PMID:27040692;PMID:36273129;PMID:36522252,PCS,,9/12,,,P,ORCID:0000-0002-0736-9199[2024-10-04];HPO:probinson[2017-06-24];ORCID:0000-0002-0736-9199[2024-10-14],2024-10-04
OMIM:616900,"Hypotonia, infantile, with psychomotor retardation and characteristic facies 3",,HP:0000252,PMID:27040691;PMID:27040692;PMID:29283439,PCS,,1/26,,,P,ORCID:0000-0002-0736-9199[2024-10-04];HPO:probinson[2017-06-24];HPO:probinson[2024-03-15];ORCID:0000-0002-0736-9199[2024-10-14],2024-10-04
OMIM:616900,"Hypotonia, infantile, with psychomotor retardation and characteristic facies 3",,HP:0001344,PMID:27040691;PMID:37876076;PMID:30103036;PMID:32363625;PMID:36522252,PCS,,18/24,,,P,ORCID:0000-0002-0736-9199[2024-10-04];ORCID:0000-0002-0736-9199[2024-10-14],2024-10-04
OMIM:616900,"Hypotonia, infantile, with psychomotor retardation and characteristic facies 3",,HP:0002155,PMID:36522252,PCS,,3/6,,,P,ORCID:0000-0002-0736-9199[2024-10-14],2024-10-14
OMIM:616900,"Hypotonia, infantile, with psychomotor retardation and characteristic facies 3",,HP:0003124,PMID:36522252,PCS,,3/6,,,P,ORCID:0000-0002-0736-9199[2024-10-14],2024-10-14
OMIM:616900,"Hypotonia, infantile, with psychomotor retardation and characteristic facies 3",,HP:0000490,PMID:27040691;PMID:27040692;PMID:30103036;PMID:36273129,PCS,,6/21,,,P,ORCID:0000-0002-0736-9199[2024-10-04];HPO:probinson[2017-06-24],2024-10-04
OMIM:616900,"Hypotonia, infantile, with psychomotor retardation and characteristic facies 3",,HP:0033454,PMID:27040692;PMID:36522252,PCS,,7/10,,,P,ORCID:0000-0002-0736-9199[2024-10-04];ORCID:0000-0002-0736-9199[2024-10-14],2024-10-04
OMIM:616900,"Hypotonia, infantile, with psychomotor retardation and characteristic facies 3",,HP:0001182,PMID:32363625,PCS,,1/2,,,P,ORCID:0000-0002-0736-9199[2024-10-04],2024-10-04
OMIM:616900,"Hypotonia, infantile, with psychomotor retardation and characteristic facies 3",,HP:0034392,PMID:32363625,PCS,,1/2,,,P,ORCID:0000-0002-0736-9199[2024-10-04],2024-10-04
OMIM:616900,"Hypotonia, infantile, with psychomotor retardation and characteristic facies 3",,HP:0000767,PMID:36273129,PCS,,1/1,,,P,ORCID:0000-0002-0736-9199[2024-10-04],2024-10-04
OMIM:616900,"Hypotonia, infantile, with psychomotor retardation and characteristic facies 3",,HP:0001338,PMID:29283439,PCS,,1/6,,,P,ORCID:0000-0002-0736-9199[2024-10-14],2024-10-14
OMIM:616900,"Hypotonia, infantile, with psychomotor retardation and characteristic facies 3",,HP:0000527,PMID:27040691;PMID:36273129,PCS,,1/14,,,P,ORCID:0000-0002-0736-9199[2024-10-04],2024-10-04
OMIM:616900,"Hypotonia, infantile, with psychomotor retardation and characteristic facies 3",,HP:0000520,PMID:27275012,PCS,,3/3,,,P,ORCID:0000-0002-0736-9199[2024-10-04],2024-10-04
OMIM:616900,"Hypotonia, infantile, with psychomotor retardation and characteristic facies 3",,HP:0000248,PMID:37876076;PMID:30103036;PMID:27275012,PCS,,5/6,,,P,ORCID:0000-0002-0736-9199[2024-10-04],2024-10-04
OMIM:616900,"Hypotonia, infantile, with psychomotor retardation and characteristic facies 3",,HP:0000369,PMID:36522252,PCS,,1/6,,,P,ORCID:0000-0002-0736-9199[2024-10-14],2024-10-14
OMIM:616900,"Hypotonia, infantile, with psychomotor retardation and characteristic facies 3",,HP:0000341,PMID:27040692;PMID:37876076;PMID:30103036;PMID:29283439,PCS,,14/16,,,P,ORCID:0000-0002-0736-9199[2024-10-04];HPO:probinson[2017-06-24];HPO:probinson[2024-03-15];ORCID:0000-0002-0736-9199[2024-10-14],2024-10-04
OMIM:616900,"Hypotonia, infantile, with psychomotor retardation and characteristic facies 3",,HP:0000340,PMID:27040691;PMID:37876076;PMID:36273129,PCS,,2/15,,,P,ORCID:0000-0002-0736-9199[2024-10-04];HPO:skoehler[2017-07-13];HPO:probinson[2019-09-03],2024-10-04
OMIM:616900,"Hypotonia, infantile, with psychomotor retardation and characteristic facies 3",,HP:0000582,PMID:27040691;PMID:37876076;PMID:36273129,PCS,,1/15,,,P,ORCID:0000-0002-0736-9199[2024-10-04],2024-10-04
OMIM:616900,"Hypotonia, infantile, with psychomotor retardation and characteristic facies 3",,HP:0000343,PMID:27040691;PMID:30103036;PMID:36273129,PCS,,3/16,,,P,ORCID:0000-0002-0736-9199[2024-10-04],2024-10-04
OMIM:616900,"Hypotonia, infantile, with psychomotor retardation and characteristic facies 3",,HP:0000463,PMID:27040692;PMID:37876076;PMID:36273129,PCS,,4/7,,,P,ORCID:0000-0002-0736-9199[2024-10-04];HPO:probinson[2017-06-24],2024-10-04
OMIM:616900,"Hypotonia, infantile, with psychomotor retardation and characteristic facies 3",,HP:0001272,PMID:27275012;PMID:36273129;PMID:32363625,PCS,,1/6,,,P,ORCID:0000-0002-0736-9199[2024-10-04],2024-10-04
OMIM:616900,"Hypotonia, infantile, with psychomotor retardation and characteristic facies 3",,HP:0003693,PMID:29283439,PCS,,8/8,,,P,ORCID:0000-0002-0736-9199[2024-10-14],2024-10-14
OMIM:616900,"Hypotonia, infantile, with psychomotor retardation and characteristic facies 3",,HP:0003690,PMID:32363625;PMID:29283439,PCS,,10/10,,,P,ORCID:0000-0002-0736-9199[2024-10-04];ORCID:0000-0002-0736-9199[2024-10-14],2024-10-04
OMIM:616900,"Hypotonia, infantile, with psychomotor retardation and characteristic facies 3",,HP:0001270,PMID:27040691;PMID:37876076;PMID:30103036;PMID:27275012;PMID:36273129;PMID:32363625;PMID:29283439;PMID:36522252,PCS,,34/35,,,P,ORCID:0000-0002-0736-9199[2024-10-04];ORCID:0000-0002-0736-9199[2024-10-14],2024-10-04
OMIM:616900,"Hypotonia, infantile, with psychomotor retardation and characteristic facies 3",,HP:0100704,PMID:27040692;PMID:27275012;PMID:36522252,PCS,,6/12,,,P,ORCID:0000-0002-0736-9199[2024-10-04];HPO:probinson[2017-06-24];ORCID:0000-0002-0736-9199[2024-10-14],2024-10-04
OMIM:616900,"Hypotonia, infantile, with psychomotor retardation and characteristic facies 3",,HP:0000337,PMID:27040691;PMID:36273129,PCS,,2/14,,,P,ORCID:0000-0002-0736-9199[2024-10-04],2024-10-04
OMIM:616900,"Hypotonia, infantile, with psychomotor retardation and characteristic facies 3",,HP:0006970,PMID:27040691;PMID:37876076;PMID:36273129,PCS,,2/15,,,P,ORCID:0000-0002-0736-9199[2024-10-04];HPO:probinson[2019-09-03],2024-10-04
OMIM:616900,"Hypotonia, infantile, with psychomotor retardation and characteristic facies 3",,HP:0002119,PMID:27040692;PMID:32363625,PCS,,7/7,,,P,ORCID:0000-0002-0736-9199[2024-10-04];HPO:probinson[2017-06-24],2024-10-04
OMIM:616900,"Hypotonia, infantile, with psychomotor retardation and characteristic facies 3",,HP:0000218,PMID:36522252,PCS,,2/6,,,P,ORCID:0000-0002-0736-9199[2024-10-14],2024-10-14
OMIM:616900,"Hypotonia, infantile, with psychomotor retardation and characteristic facies 3",,HP:0003327,PMID:32363625,PCS,,2/2,,,P,ORCID:0000-0002-0736-9199[2024-10-04],2024-10-04
OMIM:616900,"Hypotonia, infantile, with psychomotor retardation and characteristic facies 3",,HP:0000212,PMID:27040692;PMID:37876076;PMID:36273129,PCS,,2/5,,,P,ORCID:0000-0002-0736-9199[2024-10-04];HPO:probinson[2017-06-24],2024-10-04
OMIM:616900,"Hypotonia, infantile, with psychomotor retardation and characteristic facies 3",,HP:0009826,PMID:29283439,PCS,,6/8,,,P,ORCID:0000-0002-0736-9199[2024-10-14],2024-10-14
OMIM:616900,"Hypotonia, infantile, with psychomotor retardation and characteristic facies 3",,HP:0001561,PMID:36522252,PCS,,1/6,,,P,ORCID:0000-0002-0736-9199[2024-10-14],2024-10-14
OMIM:616900,"Hypotonia, infantile, with psychomotor retardation and characteristic facies 3",,HP:0000750,PMID:27040691;PMID:36273129,PCS,,7/7,,,P,ORCID:0000-0002-0736-9199[2024-10-04];HPO:probinson[2019-09-03],2024-10-04
OMIM:616900,"Hypotonia, infantile, with psychomotor retardation and characteristic facies 3",,HP:0002650,PMID:27040691;PMID:30103036;PMID:32363625,PCS,,4/17,,,P,ORCID:0000-0002-0736-9199[2024-10-04];HPO:probinson[2019-09-03],2024-10-04
OMIM:616900,"Hypotonia, infantile, with psychomotor retardation and characteristic facies 3",,HP:0002133,PMID:30103036;PMID:32363625;PMID:29283439,PCS,,0/11,,,P,ORCID:0000-0002-0736-9199[2024-10-04];ORCID:0000-0002-0736-9199[2024-10-14],2024-10-04
OMIM:616900,"Hypotonia, infantile, with psychomotor retardation and characteristic facies 3",,HP:0002376,PMID:27040691;PMID:27040692;PMID:32363625;PMID:29283439;PMID:36522252,PCS,,11/34,,,P,ORCID:0000-0002-0736-9199[2024-10-04];HPO:probinson[2017-06-24];ORCID:0000-0002-0736-9199[2024-10-14];HPO:probinson[2019-09-03],2024-10-04
OMIM:616900,"Hypotonia, infantile, with psychomotor retardation and characteristic facies 3",,HP:0000194,PMID:27040691;PMID:30103036;PMID:36273129,PCS,,4/16,,,P,ORCID:0000-0002-0736-9199[2024-10-04],2024-10-04
OMIM:616900,"Hypotonia, infantile, with psychomotor retardation and characteristic facies 3",,HP:0005487,PMID:27040691;PMID:37876076;PMID:36273129;PMID:36522252,PCS,,2/21,,,P,ORCID:0000-0002-0736-9199[2024-10-04];ORCID:0000-0002-0736-9199[2024-10-14],2024-10-04
OMIM:616900,"Hypotonia, infantile, with psychomotor retardation and characteristic facies 3",,HP:0001284,PMID:29283439,PCS,,8/8,,,P,ORCID:0000-0002-0736-9199[2024-10-14],2024-10-14
OMIM:616900,"Hypotonia, infantile, with psychomotor retardation and characteristic facies 3",,HP:0000470,PMID:27040691,PCS,,1/13,,,P,ORCID:0000-0002-0736-9199[2024-10-04],2024-10-04
OMIM:616900,"Hypotonia, infantile, with psychomotor retardation and characteristic facies 3",,HP:0100288,PMID:30103036,PCS,,1/2,,,P,ORCID:0000-0002-0736-9199[2024-10-04],2024-10-04
OMIM:616900,"Hypotonia, infantile, with psychomotor retardation and characteristic facies 3",,HP:0008180,PMID:32363625,PCS,,2/2,,,P,ORCID:0000-0002-0736-9199[2024-10-04],2024-10-04
OMIM:616900,"Hypotonia, infantile, with psychomotor retardation and characteristic facies 3",,HP:0000508,PMID:27040692,PCS,,1/5,,,P,ORCID:0000-0002-0736-9199[2024-10-04],2024-10-04
OMIM:616900,"Hypotonia, infantile, with psychomotor retardation and characteristic facies 3",,HP:0030890,PMID:29283439,PCS,,6/6,,,P,ORCID:0000-0002-0736-9199[2024-10-14],2024-10-14
OMIM:616900,"Hypotonia, infantile, with psychomotor retardation and characteristic facies 3",,HP:0001558,PMID:36522252,PCS,,1/6,,,P,ORCID:0000-0002-0736-9199[2024-10-14],2024-10-14
OMIM:616900,"Hypotonia, infantile, with psychomotor retardation and characteristic facies 3",,HP:0000347,PMID:36522252,PCS,,1/6,,,P,ORCID:0000-0002-0736-9199[2024-10-14],2024-10-14
OMIM:616900,"Hypotonia, infantile, with psychomotor retardation and characteristic facies 3",,HP:0000286,PMID:27040691;PMID:37876076;PMID:36273129,PCS,,2/15,,,P,ORCID:0000-0002-0736-9199[2024-10-04];HPO:probinson[2019-09-03],2024-10-04
OMIM:616900,"Hypotonia, infantile, with psychomotor retardation and characteristic facies 3",,HP:0010804,PMID:27040691;PMID:37876076;PMID:36273129;PMID:36522252,PCS,,7/21,,,P,ORCID:0000-0002-0736-9199[2024-10-04];ORCID:0000-0002-0736-9199[2024-10-14];HPO:skoehler[2017-07-13];HPO:probinson[2019-09-03],2024-10-04
OMIM:616900,"Hypotonia, infantile, with psychomotor retardation and characteristic facies 3",,HP:0001250,PMID:27040691;PMID:27040692;PMID:30103036;PMID:27275012;PMID:36273129;PMID:29283439;PMID:36522252,PCS,,26/37,,,P,ORCID:0000-0002-0736-9199[2024-10-04];HPO:probinson[2017-06-24];ORCID:0000-0002-0736-9199[2024-10-14];HPO:probinson[2019-09-03],2024-10-04
OMIM:616900,"Hypotonia, infantile, with psychomotor retardation and characteristic facies 3",,HP:0002187,PMID:29283439;PMID:36522252,PCS,,14/14,,,P,ORCID:0000-0002-0736-9199[2024-10-14],2024-10-14
OMIM:616900,"Hypotonia, infantile, with psychomotor retardation and characteristic facies 3",,HP:0001252,PMID:27040691;PMID:27040692;PMID:37876076;PMID:30103036;PMID:27275012;PMID:36273129;PMID:32363625;PMID:29283439,PCS,,35/35,,,P,ORCID:0000-0002-0736-9199[2024-10-04];ORCID:0000-0002-0736-9199[2024-10-14],2024-10-04
OMIM:616900,"Hypotonia, infantile, with psychomotor retardation and characteristic facies 3",,HP:0010884,PMID:29283439,PCS,,8/8,,,P,ORCID:0000-0002-0736-9199[2024-10-14],2024-10-14
OMIM:616900,"Hypotonia, infantile, with psychomotor retardation and characteristic facies 3",,HP:0000280,PMID:27040691;PMID:27040692;PMID:37876076;PMID:36273129;PMID:29283439;PMID:36522252,PCS,,17/34,,,P,ORCID:0000-0002-0736-9199[2024-10-04];ORCID:0000-0002-0736-9199[2024-10-14];HPO:skoehler[2017-07-13];HPO:probinson[2024-10-14],2024-10-04
OMIM:616900,"Hypotonia, infantile, with psychomotor retardation and characteristic facies 3",,HP:0000316,PMID:37876076;PMID:36273129,PCS,,1/2,,,P,ORCID:0000-0002-0736-9199[2024-10-04],2024-10-04
OMIM:616900,"Hypotonia, infantile, with psychomotor retardation and characteristic facies 3",,HP:0000954,PMID:27275012,PCS,,3/3,,,P,ORCID:0000-0002-0736-9199[2024-10-04],2024-10-04
OMIM:616900,"Hypotonia, infantile, with psychomotor retardation and characteristic facies 3",,HP:0000158,PMID:27040691;PMID:27040692;PMID:37876076;PMID:36273129;PMID:29283439;PMID:36522252,PCS,,14/34,,,P,ORCID:0000-0002-0736-9199[2024-10-04];HPO:probinson[2017-06-24];ORCID:0000-0002-0736-9199[2024-10-14],2024-10-04
OMIM:616900,"Hypotonia, infantile, with psychomotor retardation and characteristic facies 3",,HP:0001007,PMID:27040691;PMID:36273129;PMID:32363625;PMID:36522252,PCS,,4/22,,,P,ORCID:0000-0002-0736-9199[2024-10-04];ORCID:0000-0002-0736-9199[2024-10-14],2024-10-04
OMIM:616900,"Hypotonia, infantile, with psychomotor retardation and characteristic facies 3",,HP:0003444,PMID:29283439;PMID:36522252,PCS,,5/9,,,P,ORCID:0000-0002-0736-9199[2024-10-14],2024-10-14
OMIM:616900,"Hypotonia, infantile, with psychomotor retardation and characteristic facies 3",,HP:0001265,PMID:27040691;PMID:27040692;PMID:37876076;PMID:36273129;PMID:32363625;PMID:36522252,PCS,,20/25,,,P,ORCID:0000-0002-0736-9199[2024-10-04];ORCID:0000-0002-0736-9199[2024-10-14];HPO:skoehler[2017-07-13];HPO:probinson[2019-09-03],2024-10-04
OMIM:616900,"Hypotonia, infantile, with psychomotor retardation and characteristic facies 3",,HP:0002750,PMID:27040691,PCS,,2/2,,,P,ORCID:0000-0002-0736-9199[2024-10-04],2024-10-04
OMIM:616900,"Hypotonia, infantile, with psychomotor retardation and characteristic facies 3",,HP:0011968,PMID:37876076;PMID:36522252,PCS,,3/3,,,P,ORCID:0000-0002-0736-9199[2024-10-04];ORCID:0000-0002-0736-9199[2024-10-14],2024-10-04
OMIM:616900,"Hypotonia, infantile, with psychomotor retardation and characteristic facies 3",,HP:0001263,PMID:27040691;PMID:27040692;PMID:37876076;PMID:30103036;PMID:27275012;PMID:32363625;PMID:36522252,PCS,,32/32,,,P,ORCID:0000-0002-0736-9199[2024-10-04];ORCID:0000-0002-0736-9199[2024-10-14];HPO:probinson[2019-09-03],2024-10-04
OMIM:616900,"Hypotonia, infantile, with psychomotor retardation and characteristic facies 3",,HP:0033383,PMID:29283439;PMID:36522252,PCS,,3/7,,,P,ORCID:0000-0002-0736-9199[2024-10-14],2024-10-14
OMIM:616900,"Hypotonia, infantile, with psychomotor retardation and characteristic facies 3",,HP:0012020,PMID:27040692,PCS,,1/5,,,P,ORCID:0000-0002-0736-9199[2024-10-04],2024-10-04
OMIM:616900,"Hypotonia, infantile, with psychomotor retardation and characteristic facies 3",,HP:0000565,PMID:27040692,PCS,,1/5,,,P,ORCID:0000-0002-0736-9199[2024-10-04],2024-10-04
OMIM:616900,"Hypotonia, infantile, with psychomotor retardation and characteristic facies 3",,HP:0003557,PMID:32363625,PCS,,2/2,,,P,ORCID:0000-0002-0736-9199[2024-10-04],2024-10-04
OMIM:616900,"Hypotonia, infantile, with psychomotor retardation and characteristic facies 3",,HP:0002283,PMID:27040691;PMID:36273129;PMID:32363625;PMID:29283439,PCS,,8/21,,,P,ORCID:0000-0002-0736-9199[2024-10-04];ORCID:0000-0002-0736-9199[2024-10-14],2024-10-04
OMIM:616900,"Hypotonia, infantile, with psychomotor retardation and characteristic facies 3",,HP:0000262,PMID:36522252,PCS,,1/6,,,P,ORCID:0000-0002-0736-9199[2024-10-14],2024-10-14
OMIM:616900,"Hypotonia, infantile, with psychomotor retardation and characteristic facies 3",,HP:0002280,PMID:32363625,PCS,,1/1,,,P,ORCID:0000-0002-0736-9199[2024-10-04],2024-10-04
OMIM:616900,"Hypotonia, infantile, with psychomotor retardation and characteristic facies 3",,HP:0000939,PMID:27040692;PMID:29283439,PCS,,9/12,,,P,ORCID:0000-0002-0736-9199[2024-10-04];ORCID:0000-0002-0736-9199[2024-10-14],2024-10-04
OMIM:616900,"Hypotonia, infantile, with psychomotor retardation and characteristic facies 3",,HP:0000414,PMID:27040691;PMID:37876076;PMID:36273129,PCS,,3/15,,,P,ORCID:0000-0002-0736-9199[2024-10-04];HPO:skoehler[2017-07-13];HPO:probinson[2024-10-04],2024-10-04
OMIM:616900,"Hypotonia, infantile, with psychomotor retardation and characteristic facies 3",,HP:0000256,PMID:27040691;PMID:30103036;PMID:36273129;PMID:32363625,PCS,,6/17,,,P,ORCID:0000-0002-0736-9199[2024-10-04];HPO:probinson[2019-09-03];HPO:probinson[2019-09-03],2024-10-04
OMIM:616900,"Hypotonia, infantile, with psychomotor retardation and characteristic facies 3",,HP:0005964,PMID:29283439,PCS,,6/8,,,P,ORCID:0000-0002-0736-9199[2024-10-14],2024-10-14
OMIM:616900,"Hypotonia, infantile, with psychomotor retardation and characteristic facies 3",,HP:0002058,PMID:36522252,PCS,,1/6,,,P,ORCID:0000-0002-0736-9199[2024-10-14],2024-10-14
OMIM:616900,"Hypotonia, infantile, with psychomotor retardation and characteristic facies 3",,HP:0000431,PMID:27040691;PMID:37876076;PMID:36273129,PCS,,1/15,,,P,ORCID:0000-0002-0736-9199[2024-10-04],2024-10-04
OMIM:616900,"Hypotonia, infantile, with psychomotor retardation and characteristic facies 3",,HP:0000426,PMID:27040692;PMID:37876076;PMID:36273129,PCS,,5/7,,,P,ORCID:0000-0002-0736-9199[2024-10-04];HPO:probinson[2017-06-24];HPO:probinson[2024-03-15],2024-10-04
OMIM:616900,"Hypotonia, infantile, with psychomotor retardation and characteristic facies 3",,HP:0000821,PMID:29283439,PCS,,3/7,,,P,ORCID:0000-0002-0736-9199[2024-10-14],2024-10-14
OMIM:616900,"Hypotonia, infantile, with psychomotor retardation and characteristic facies 3",,HP:0007334,PMID:32363625,PCS,,2/2,,,P,ORCID:0000-0002-0736-9199[2024-10-04],2024-10-04
OMIM:616900,"Hypotonia, infantile, with psychomotor retardation and characteristic facies 3",,HP:0000664,PMID:27040691;PMID:37876076;PMID:36273129,PCS,,1/15,,,P,ORCID:0000-0002-0736-9199[2024-10-04],2024-10-04
OMIM:616900,"Hypotonia, infantile, with psychomotor retardation and characteristic facies 3",,HP:0000028,PMID:36273129;PMID:36522252,PCS,,3/5,,,P,ORCID:0000-0002-0736-9199[2024-10-04];ORCID:0000-0002-0736-9199[2024-10-14],2024-10-04
OMIM:616900,"Hypotonia, infantile, with psychomotor retardation and characteristic facies 3",,HP:0000303,PMID:27040691;PMID:36273129,PCS,,1/14,,,P,ORCID:0000-0002-0736-9199[2024-10-04],2024-10-04
